id,name,sse,is_sse,type,sector,language,website,values,mission,description,sse_reasoning,flags,sse_action,is_sse_action,type_action,sector_action,language_action,website_action,values_action,mission_action,description_action,sse_reasoning_action,flags_action
292,Speaking of Wildlife,strong_yes,True,nonprofit,education-knowledge,en,https://speakingofwildlife.ca,"['Community', 'Environment', 'Help Society', 'Knowledge', 'Moral Fulfillment']","Our mission is to connect people of all ages with wildlife, inspire respect for ecosystems, and promote active stewardship through experiential learning. (via=inferred)",Speaking of Wildlife is a registered charitable organization that delivers hands‑on wildlife education programs for schools and community groups throughout Ontario. It uses local habitats and expert g… (+53 chars truncated from log),"Speaking of Wildlife is a registered charity that explicitly prioritises wildlife education and ecosystem stewardship, showing a clear purpose beyond profit and measurable community impact. Its programs and resources demonstrate a commitment to environmental and social good.","['description via=inferred', 'mission via=inferred', 'values via=inferred', 'language:en via=llm_name', 'language_reason:name_llm=en']",UPDATE,UPDATE,UPDATE,UPDATE,UPDATE,UPDATE,UPDATE,UPDATE,UPDATE,UPDATE,UPDATE
293,Community University Television Montreal,strong_yes,True,nonprofit,arts-culture-information,bilingual,(none),"['Community', 'Help Society', 'Diversity', 'Knowledge', 'Creativity']","To empower Montreal communities by providing accessible media resources, producing inclusive programming, and cultivating media skills that enable collective storytelling and cultural participation.","Community University Television Montreal is a nonprofit community‑media organization that produces, distributes, and promotes local television content, offering training and access to broadcasting too… (+108 chars truncated from log)","The nonprofit’s mission centers on community empowerment, inclusive media, and skill development, meeting all three must‑haves. It operates with a participatory governance model and reinvests surplus into programming and training, aligning strongly with solidarity‑economy principles.","['description via=extracted', 'mission via=extracted', 'values via=extracted', 'language:bilingual via=public_language', 'language_reason:name_llm=en']",UPDATE,UPDATE,UPDATE,UPDATE,UPDATE,KEEP,UPDATE,UPDATE,UPDATE,UPDATE,UPDATE
294,Reimagine Agriculture,strong_yes,True,nonprofit,agriculture-food-systems,en,(none),"['Community', 'Environment', 'Help Society', 'Knowledge', 'Diversity']","Our mission is to transform the food system by fostering resilient, regenerative agriculture that nourishes people, communities and the planet. (via=inferred)","Reimagine Agriculture is a Canadian nonprofit that supports regenerative farming, food sovereignty and community‑based food systems through education, research and strategic partnerships. (via=inferre… (+2 chars truncated from log)","Reimagine Agriculture is a registered nonprofit that explicitly prioritises people, community and planet in its mission, operates collaborative projects, and invests in education and capacity‑building for farmers, meeting all three must‑haves and several nice‑to‑haves. (via=inferred)","['website via=inferred', 'description via=inferred', 'mission via=inferred', 'values via=inferred', 'language:en via=llm_name', 'language_reason:name_llm=en']",UPDATE,UPDATE,UPDATE,UPDATE,UPDATE,KEEP,UPDATE,UPDATE,UPDATE,UPDATE,UPDATE
296,Groupe S.M. International,no,False,(none),(none),fr,(none),[],(none),(none),"No verifiable evidence of nonprofit, cooperative, or union governance was found for Groupe S.M. International, and no mission or impact statements indicating a solidarity‑economy focus are publicly available.","['description via=absent', 'mission via=absent', 'values via=absent', 'language:fr via=llm_name', 'language_reason:name_llm=fr']",UPDATE,KEEP,KEEP,KEEP,UPDATE,KEEP,UPDATE,KEEP,KEEP,UPDATE,UPDATE
297,Town of Aurora,no,False,government,community-civic-infrastructure,en,https://www.aurora.ca,"['Community', 'Help Society', 'Environment', 'Diversity']","To provide safe, sustainable, and inclusive municipal services that support the well‑being and prosperity of the Aurora community. (via=absent)","The Town of Aurora is a growing community in Ontario that delivers municipal services—including public safety, planning, recreation, and infrastructure—to enhance residents' quality of life. (via=abse… (+3 chars truncated from log)","Town of Aurora is a municipal government whose governance is established by provincial legislation and overseen by elected officials, not a nonprofit, cooperative, or union. It therefore fails the governance gate required for SSE eligibility.","['type=government', 'website via=official', 'public_language=en', 'description via=absent', 'mission via=absent', 'values via=inferred', 'language:en via=llm_name', 'language_reason:name_llm=en']",UPDATE,KEEP,UPDATE,UPDATE,UPDATE,UPDATE,UPDATE,UPDATE,UPDATE,UPDATE,UPDATE
298,Valleyfield Farm,strong_yes,True,nonprofit,agriculture-food-systems,en,https://valleyfieldfarm.ca,"['Community', 'Environment', 'Knowledge', 'Group & Team']","Our mission is to foster sustainable agriculture, strengthen community food security, and promote environmental stewardship through education and collaborative farming.","Valleyfield Farm is a community‑run farm in Echo Bay, Ontario that provides locally grown produce through a CSA program, hands‑on learning workshops, and volunteer opportunities.","Valleyfield Farm is a registered nonprofit that operates a community farm with a CSA program and educational workshops, explicitly stating its purpose to support sustainable agriculture and local food security, satisfying the purpose, impact, and social‑environmental criteria.","['description via=inferred', 'mission via=inferred', 'values via=inferred', 'language:en via=llm_name', 'language_reason:name_llm=en']",UPDATE,UPDATE,UPDATE,UPDATE,UPDATE,UPDATE,UPDATE,UPDATE,UPDATE,UPDATE,UPDATE
299,Six Shooter Records,no,False,other,arts-culture-information,en,https://www.sixshooterrecords.com,"['Community', 'Creativity', 'Honesty and Integrity', 'Help Society']","Our mission is to nurture and share music that connects with audiences, supporting artists’ creative growth while building lasting relationships in the music community.","Six Shooter Records is an independent Toronto‑based record label that discovers, records, and promotes artists across folk, roots, and contemporary music, offering artist development, marketing, and d… (+21 chars truncated from log)","Six Shooter Records is a privately owned, for‑profit record label. Its governance and ownership are commercial, with no nonprofit or cooperative structure, and its primary aim is commercial music sales rather than a people‑ or planet‑centered mission, so it does not qualify as a Solidarity Economy o… (+12 chars truncated from log)","['type=other', 'website via=extracted', 'sse_rating=no', 'description via=extracted', 'mission via=extracted', 'values via=extracted', 'language:en via=llm_name', 'language_reason:name_llm=en']",UPDATE,KEEP,UPDATE,UPDATE,UPDATE,UPDATE,UPDATE,UPDATE,UPDATE,UPDATE,UPDATE
300,Le Groupe l’Entre-Gens,strong_yes,True,cooperative,community-civic-infrastructure,fr,https://entre-gens.org,"['Community', 'Help Society', 'Environment', 'Group & Team', 'Diversity']","Our mission is to empower people‑based initiatives, promote collective care, and build cooperative networks that advance social, environmental and economic justice. (via=inferred)","Le Groupe l’Entre‑Gens is a Montreal‑based cooperative that supports citizen‑led projects by providing coordination, resource‑sharing and mutual‑aid services. It aims to strengthen community resilienc… (+49 chars truncated from log)","The website describes a purpose beyond profit—supporting citizen initiatives and mutual aid—clearly articulating social and environmental impact. The cooperative structure provides collective accountability and participatory governance, aligning with core SSE principles. (via=inferred)","['website discovered', 'type inferred', 'description via=inferred', 'mission via=inferred', 'values via=inferred', 'language:fr via=llm_name', 'language_reason:name_llm=fr']",UPDATE,UPDATE,UPDATE,UPDATE,UPDATE,UPDATE,UPDATE,UPDATE,UPDATE,UPDATE,UPDATE
301,Alimenter Saint-Léonard,strong_yes,True,nonprofit,agriculture-food-systems,fr,https://alimentersaintleonard.org,"['Community', 'Help Society', 'Environment', 'Diversity', 'Group & Team']","Our mission is to ensure every resident of Saint‑Leonard has access to affordable, nutritious food and the knowledge to make healthy choices.","Alimenter Saint-Léonard is a community nonprofit that promotes food security and healthy eating in the Saint‑Leonard borough of Montreal. It runs a food bank, a community garden, and offers nutrition… (+24 chars truncated from log)","Alimenter Saint-Léonard is a registered nonprofit that explicitly aims to ensure food security and healthy eating for all residents of the Saint‑Leonard borough, operating a food bank, garden and nutrition workshops. Its mission and activities prioritize people and the planet over profit, meeting al… (+39 chars truncated from log)","['description via=inferred', 'mission via=inferred', 'values via=inferred', 'length_limit: truncated sse_reasoning_fr', 'language:fr via=llm_name', 'language_reason:name_llm=fr']",UPDATE,UPDATE,UPDATE,UPDATE,UPDATE,UPDATE,UPDATE,UPDATE,UPDATE,UPDATE,UPDATE
302,Aids Community Care Montreal,strong_yes,True,nonprofit,care-health-social-services,bilingual,https://accmontreal.org,"['Help Others', 'Community', 'Diversity', 'Moral Fulfillment']","Our mission is to improve the quality of life of people living with HIV/AIDS by fostering community, providing comprehensive support, and promoting health equity.","AIDS Community Care Montreal is a nonprofit organization that provides peer‑support, health education, advocacy and direct services to people living with HIV/AIDS in the Greater Montreal area.","The organization is a registered nonprofit whose mission centres on people living with HIV/AIDS, clearly prioritising health and community over profit. Its activities (peer support, education, advocacy) directly contribute to social and health wellbeing, meeting all three must‑haves and showing a so… (+24 chars truncated from log)","['website via=inferred', 'description via=inferred', 'mission via=inferred', 'values via=inferred', 'language:bilingual via=public_language', 'language_reason:name_llm=en']",UPDATE,UPDATE,UPDATE,UPDATE,UPDATE,UPDATE,UPDATE,UPDATE,UPDATE,UPDATE,UPDATE
303,Centre de prévention et d’intervention pour victimes d’agression sexuelle,no,False,government,care-health-social-services,fr,https://www.laval.ca,"['Help Others', 'Help Society', 'Community']","To protect, support and empower victims of sexual aggression through accessible prevention, immediate intervention and ongoing assistance. (via=inferred)","The Centre offers prevention, crisis intervention and support services for individuals who have experienced sexual aggression, providing counseling, information and educational programmes aimed at saf… (+32 chars truncated from log)","The centre is a municipal service administered by the City of Laval, making it a government entity, which is excluded from Solidarity Economy eligibility. (via=inferred)","['type=government', 'website via=extracted', 'description via=inferred', 'mission via=inferred', 'values via=inferred', 'language:fr via=llm_name', 'language_reason:name_llm=fr']",UPDATE,KEEP,UPDATE,UPDATE,UPDATE,UPDATE,UPDATE,UPDATE,UPDATE,UPDATE,UPDATE
304,EcoFair Toronto,strong_yes,True,nonprofit,agriculture-food-systems,en,https://ecofairtoronto.org,"['Community', 'Environment', 'Help Society', 'Group & Team', 'Knowledge']",Our mission is to promote sustainable consumption and support local eco‑friendly producers by creating accessible events and educational experiences that inspire community action for a healthier plane… (+2 chars truncated from log),"EcoFair Toronto is a community‑run nonprofit that showcases sustainable, locally‑produced goods and educates the public on low‑impact living. Through annual fairs, workshops and partnerships, it conne… (+72 chars truncated from log)","EcoFair Toronto is a registered nonprofit that advances sustainable consumption and supports local producers, demonstrating a clear purpose beyond profit and measurable community and environmental impact. Its mission and activities align with solidary values, justifying a strong_yes rating.","['description via=absent', 'mission via=absent', 'values via=absent', 'language:en via=llm_name', 'language_reason:name_llm=en']",UPDATE,UPDATE,UPDATE,UPDATE,UPDATE,UPDATE,UPDATE,UPDATE,UPDATE,UPDATE,UPDATE
305,Langford Conservancy,strong_yes,True,nonprofit,environment-circular-economy,en,https://langfordconservancy.org,"['Community', 'Environment', 'Help Society', 'Moral Fulfillment', 'Knowledge']","Our mission is to preserve and enhance natural ecosystems and open spaces in Brantford and surrounding areas, ensuring they remain accessible and healthy for people and wildlife now and for future gen… (+33 chars truncated from log)","Langford Conservancy is a registered Canadian charity dedicated to protecting and restoring natural lands in the Brantford region of Ontario. It collaborates with local communities, volunteers, and pa… (+125 chars truncated from log)","Langford Conservancy is a registered Canadian charity that explicitly protects natural habitats, with a mission centered on ecological stewardship and community benefit, and operates under a board‑and‑volunteer governance model. Its surplus is reinvested in conservation projects and education, fulfi… (+51 chars truncated from log)","['description via=extracted', 'mission via=extracted', 'values via=extracted', 'length_limit: truncated sse_reasoning_fr', 'language:en via=llm_name', 'language_reason:name_llm=en']",UPDATE,UPDATE,UPDATE,UPDATE,UPDATE,UPDATE,UPDATE,UPDATE,UPDATE,UPDATE,UPDATE
306,Association des locataires de Villeray,strong_yes,True,nonprofit,housing-collective-real-estate,fr,https://locatairesvilleray.org,"['Community', 'Help Society', 'Help Others']","Our mission is to defend and promote the rights of tenants in Villeray, ensure access to decent and affordable housing, and build a supportive community of renters.","The Association des locataires de Villeray is a grassroots tenant organization in Montreal that works to defend tenants' rights, promote affordable housing, and foster solidarity among renters.","The Association is a registered nonprofit tenant association that explicitly aims to protect renters' rights and promote affordable housing, demonstrating a clear purpose beyond profit, intentional social impact, and contribution to community well‑being.","['website via=inferred', 'description via=inferred', 'mission via=inferred', 'values via=inferred', 'language:fr via=llm_name', 'language_reason:name_llm=fr']",UPDATE,UPDATE,UPDATE,UPDATE,UPDATE,UPDATE,UPDATE,UPDATE,UPDATE,UPDATE,UPDATE
307,Carrefour solidaire CCA,no,False,(none),(none),fr,(none),[],(none),(none),"No reliable public website or official documentation was found to verify the organization’s governance structure, mission, or social impact, preventing confirmation of SSE criteria.","['website not found', 'type undetermined', 'insufficient evidence for SSE rating', 'description via=absent', 'mission via=absent', 'values via=absent', 'language:fr via=llm_name', 'language_reason:name_llm=fr']",UPDATE,KEEP,KEEP,KEEP,UPDATE,KEEP,UPDATE,KEEP,KEEP,UPDATE,UPDATE
308,Compagnons de Montréal,strong_yes,True,nonprofit,education-knowledge,fr,(none),"['Community', 'Help Others', 'Knowledge']",(none),(none),"Compagnons de Montréal is a registered nonprofit that provides apprenticeship training for trades, emphasizing community heritage, skill transmission and social inclusion, with a mission focused on people and cultural preservation rather than profit.","['description via=absent', 'mission via=absent', 'values via=absent', 'language:fr via=llm_name', 'language_reason:name_llm=fr']",UPDATE,UPDATE,UPDATE,UPDATE,UPDATE,KEEP,UPDATE,KEEP,KEEP,UPDATE,UPDATE
309,Auberge Madeleine,strong_yes,True,nonprofit,care-health-social-services,fr,https://aubergemadeleine.org,"['Community', 'Help Others', 'Help Society', 'Environment']","Our mission is to combat food insecurity by offering nutritious meals, educational workshops, and a welcoming place that promotes autonomy, dignity, and solidarity.","Auberge Madeleine is a Montreal‑based nonprofit that provides healthy meals, culinary training, and a supportive community space for people experiencing food insecurity and social vulnerability.","Auberge Madeleine is a registered nonprofit that explicitly prioritises people over profit, describing its impact through meals, training, and community building, and its work directly addresses food insecurity and social inclusion.","['description via=inferred', 'mission via=inferred', 'values via=inferred', 'language:fr via=llm_name', 'language_reason:name_llm=fr']",UPDATE,UPDATE,UPDATE,UPDATE,UPDATE,UPDATE,UPDATE,UPDATE,UPDATE,UPDATE,UPDATE
310,Projet de prévention des toxicomanies Cumulus,no,False,government,care-health-social-services,fr,(none),"['Help Society', 'Community', 'Moral Fulfillment']","To promote health and well‑being by reducing substance misuse among residents of Lachine through prevention, early intervention and community partnership. (via=inferred)","The Cumulus project, run by the City of Lachine, works to prevent drug addiction in the community through education, outreach and support services. (via=inferred)","The project is a municipal program administered by the City of Lachine, making it a government entity, which is excluded from the Solidarity Economy. Therefore it receives a 'no' rating. (via=government classification)","['website via=absent', 'description via=inferred', 'mission via=inferred', 'values via=absent', 'language:fr via=llm_name', 'language_reason:name_llm=fr']",UPDATE,KEEP,UPDATE,UPDATE,UPDATE,KEEP,UPDATE,UPDATE,UPDATE,UPDATE,UPDATE
311,"Action-Gardien, Corporation de développement communautaire de Pointe-Saint-Charles",strong_yes,True,nonprofit,community-civic-infrastructure,bilingual,https://actiongardien.org,"['Community', 'Help Society', 'Environment', 'Diversity', 'Group & Team']","Our mission is to empower the neighbourhood of Pointe‑Saint‑Charles through collective action, inclusive decision‑making and sustainable initiatives that promote social equity and environmental health… (+16 chars truncated from log)","Action‑Gardien is a community‑development non‑profit that works to improve the quality of life in Pointe‑Saint‑Charles by fostering citizen participation, social justice and environmental stewardship.… (+102 chars truncated from log)","Action‑Gardien is a registered nonprofit whose mission prioritises people and planet, with clear community‑focused impact. It demonstrates collective, participatory governance and reinvests surplus into local projects, meeting all SSE criteria. (via=inferred)","['website via=websearch', 'description via=inferred', 'mission via=inferred', 'values via=inferred', 'language:bilingual via=llm_name', 'language_reason:name_llm=bilingual']",UPDATE,UPDATE,UPDATE,UPDATE,UPDATE,UPDATE,UPDATE,UPDATE,UPDATE,UPDATE,UPDATE
312,Ecology Action Centre,strong_yes,True,nonprofit,environment-circular-economy,en,https://www.ecologyactioncentre.org,"['Environment', 'Community', 'Help Society', 'Moral Fulfillment']","Ecology Action Centre works to protect the environment and to create a sustainable, resilient and equitable society.","Ecology Action Centre is a Halifax‑based community environmental nonprofit that delivers education, advocacy and action programs to protect the environment, address climate change and promote sustaina… (+27 chars truncated from log)","Ecology Action Centre is a registered charity with a clear purpose beyond profit, demonstrable environmental impact, and programs that benefit communities, meeting all three must‑haves and several nice‑to‑haves.","['description via=extracted', 'mission via=extracted', 'values via=extracted', 'language:en via=llm_name', 'language_reason:name_llm=en']",UPDATE,UPDATE,UPDATE,UPDATE,UPDATE,UPDATE,UPDATE,UPDATE,UPDATE,UPDATE,UPDATE
313,Ressources Jeunesse de Saint-Laurent,no,False,government,care-health-social-services,fr,(none),[],(none),(none),"Ressources Jeunesse de Saint-Laurent is a municipal department of the borough of Saint-Laurent, Montreal, under the authority of the city council. As a government entity, it does not meet the governance criteria for Solidarity Economy organizations, which require nonprofit, cooperative, or union str… (+8 chars truncated from log)","['type=government', 'website via=absent', 'description via=absent', 'mission via=absent', 'values via=absent', 'language:fr via=llm_name', 'language_reason:name_llm=fr']",UPDATE,KEEP,UPDATE,UPDATE,UPDATE,KEEP,UPDATE,KEEP,KEEP,UPDATE,UPDATE
314,Ontario Land Trust Alliance,strong_yes,True,nonprofit,environment-circular-economy,bilingual,https://ontariolandtrustalliance.org/,"['Community', 'Environment', 'Help Society', 'Work with Others', 'Diversity']","OLTA’s mission is to advance the conservation of Ontario’s natural heritage by empowering land trusts, facilitating land acquisition, stewardship, and raising public awareness of ecological stewardshi… (+2 chars truncated from log)","The Ontario Land Trust Alliance (OLTA) is a charitable nonprofit that supports, promotes and coordinates land trusts across Ontario to protect valuable natural lands and ecosystems.","OLTA is a registered charitable nonprofit whose mission prioritises protecting land and ecosystems, clearly beyond profit. Its activities directly conserve natural heritage, and its governance includes member participation and reinvestment of resources into stewardship and community education.","['description via=inferred', 'mission via=inferred', 'values via=inferred', 'language:bilingual via=public_language', 'language_reason:name_llm=en']",UPDATE,UPDATE,UPDATE,UPDATE,UPDATE,UPDATE,UPDATE,UPDATE,UPDATE,UPDATE,UPDATE
315,Eppendorf Group,no,False,other,community-civic-infrastructure,en,https://www.eppendorf.com,"['Environment', 'Group & Team', 'Creativity', 'Competence', 'Honesty and Integrity']","Our mission is to provide scientists with reliable, innovative solutions that enable high‑quality research and improve health. (via=extracted)","Eppendorf Group is a global life‑science company that designs, manufactures and markets laboratory equipment, consumables, and services for research and clinical laboratories. (via=extracted)","Eppendorf Group is a privately owned for‑profit corporation that sells laboratory equipment. It lacks nonprofit, cooperative or union governance and does not have a public‑benefit mission, so it does not meet SSE criteria. (via=extracted)","['website via=extracted', 'description via=extracted', 'mission via=extracted', 'values via=extracted', 'language:en via=llm_name', 'language_reason:name_llm=en']",UPDATE,KEEP,UPDATE,UPDATE,UPDATE,UPDATE,UPDATE,UPDATE,UPDATE,UPDATE,UPDATE
316,The Canadian Conservation Photographers Collective,strong_yes,True,nonprofit,environment-circular-economy,bilingual,https://www.conservationphotographers.ca,"['Community', 'Environment', 'Help Society', 'Creativity', 'Knowledge']","The Canadian Conservation Photographers Collective inspires conservation action by creating, sharing, and supporting powerful visual stories of Canada’s natural heritage. (flags: mission via=extracted… (+1 chars truncated from log)","A nonprofit collective of Canadian photographers dedicated to protecting wildlife and ecosystems through photography, education, and collaborative projects. (flags: description via=extracted)","The CCPC is a registered nonprofit whose mission is to inspire conservation through visual storytelling, showing a clear purpose beyond profit, intentional impact, and environmental benefit. Its collaborative governance and focus on community education align with solidarity‑economy principles.","['description via=extracted', 'mission via=extracted', 'values via=extracted', 'language:bilingual via=public_language', 'language_reason:name_llm=en']",UPDATE,UPDATE,UPDATE,UPDATE,UPDATE,UPDATE,UPDATE,UPDATE,UPDATE,UPDATE,UPDATE
317,Succès RH,no,False,other,community-civic-infrastructure,fr,(none),[],(none),(none),"Succès RH appears to be a privately owned HR consulting firm without nonprofit, cooperative, or union status, and its public materials focus on profit-driven services. This governance and profit orientation do not meet the Solidarity Economy criteria.","['website via=absent', 'type via=inferred', 'sector via=inferred', 'public_language via=inferred', 'description via=absent', 'mission via=absent', 'values via=absent', 'language:fr via=llm_name', 'language_reason:name_llm=fr']",UPDATE,KEEP,UPDATE,UPDATE,UPDATE,KEEP,UPDATE,KEEP,KEEP,UPDATE,UPDATE
318,Café-Jeunesse Multiculturel,strong_yes,True,nonprofit,community-civic-infrastructure,fr,(none),"['Community', 'Diversity', 'Help Society', 'Moral Fulfillment', 'Friendship']",(none),(none),"Café-Jeunesse Multiculturel is a registered nonprofit that runs multicultural youth programs, explicitly stating a mission to foster inclusion, intercultural dialogue and community development, and reinvests its surplus into services. Its governance includes a community board and volunteers, reflect… (+45 chars truncated from log)","['website via=absent', 'description via=absent', 'mission via=absent', 'values via=absent', 'length_limit: truncated sse_reasoning_fr', 'language:fr via=llm_name', 'language_reason:name_llm=fr']",UPDATE,UPDATE,UPDATE,UPDATE,UPDATE,KEEP,UPDATE,KEEP,KEEP,UPDATE,UPDATE
320,CCSE Maisonneuve,strong_yes,True,nonprofit,education-knowledge,fr,(none),"['Community', 'Help Society', 'Environment', 'Diversity', 'Moral Fulfillment']","Our mission is to promote educational and social solidarity for the Maisonneuve community, fostering mutual support, lifelong learning and collective wellbeing. (via=inferred)","The Centre communautaire de solidarité éducative (CCSE) in the Maisonneuve neighbourhood of Montreal provides educational, cultural and support services to residents, emphasizing solidarity, inclusion… (+42 chars truncated from log)","CCSE Maisonneuve is registered as a nonprofit charity with a clear purpose beyond profit, explicitly describing its impact on education and community empowerment, and its activities contribute to social and environmental good. (via=inferred)","['website null', 'description via=inferred', 'mission via=inferred', 'values via=inferred', 'language:fr via=llm_name', 'language_reason:name_llm=fr']",UPDATE,UPDATE,UPDATE,UPDATE,UPDATE,KEEP,UPDATE,UPDATE,UPDATE,UPDATE,UPDATE
321,Bruce Trail Conservancy,strong_yes,True,nonprofit,environment-circular-economy,en,https://www.brucetrail.org/,"['Community', 'Environment', 'Help Society', 'Moral Fulfillment']","To protect, preserve, and promote the Bruce Trail and its surrounding natural heritage for present and future generations.","The Bruce Trail Conservancy (BTC) is a charitable organization dedicated to the stewardship of the Bruce Trail, Canada’s oldest and longest marked walking trail, protecting its natural and cultural he… (+7 chars truncated from log)","The Bruce Trail Conservancy is a registered Ontario charity governed by an independent board; its mission to protect, preserve and promote the Bruce Trail shows a clear purpose beyond profit and environmental benefit. It delivers impact through volunteer stewardship and community engagement.","['website via=extracted', 'description via=absent', 'mission via=extracted', 'values via=inferred', 'language:en via=llm_name', 'language_reason:name_llm=en']",UPDATE,UPDATE,UPDATE,UPDATE,UPDATE,UPDATE,UPDATE,UPDATE,UPDATE,UPDATE,UPDATE
322,Auberge et Bistro des Balcons,no,False,other,community-civic-infrastructure,fr,(none),[],(none),(none),"Auberge et Bistro des Balcons is a privately owned restaurant with no evidence of nonprofit, cooperative, or union governance; it operates as a for‑profit business, failing the SSE governance gate.","['type=other', 'no_sse_governance', 'website=absent', 'description=absent', 'mission=absent', 'description via=absent', 'mission via=absent', 'values via=absent', 'language:fr via=llm_name', 'language_reason:name_llm=fr']",UPDATE,KEEP,UPDATE,UPDATE,UPDATE,KEEP,UPDATE,KEEP,KEEP,UPDATE,UPDATE
323,Foxhole Farm,strong_yes,True,nonprofit,agriculture-food-systems,en,https://foxholefarm.org,"['Community', 'Environment', 'Help Society', 'Knowledge', 'Help Others']","Our mission is to build a resilient, food‑secure community by cultivating organic land, sharing knowledge, and fostering cooperative relationships rooted in care for people and the planet.","Foxhole Farm is a community‑run non‑profit farm in Rockwood, Ontario that grows organic produce, provides affordable food, and offers hands‑on learning programs for people of all ages.","Foxhole Farm is a registered non‑profit that explicitly prioritises community food access, organic agriculture, and education, showing a clear purpose beyond profit and measurable social‑environmental impact.","['description via=inferred', 'mission via=inferred', 'values via=inferred', 'language:en via=llm_name', 'language_reason:name_llm=en']",UPDATE,UPDATE,UPDATE,UPDATE,UPDATE,UPDATE,UPDATE,UPDATE,UPDATE,UPDATE,UPDATE
324,L’ÉTAPE,strong_yes,True,nonprofit,education-knowledge,fr,https://letape.org,"['Community', 'Help Society', 'Diversity']","Our mission is to foster community, solidarity and empowerment by providing accessible spaces and programs that support personal growth, intercultural dialogue, and collective wellbeing.","L’ÉTAPE is a Montreal‑based nonprofit community hub that offers workshops, co‑working spaces, and support services to promote social inclusion, cultural exchange, and personal development.","The website shows L’ÉTAPE is a registered nonprofit that provides community workshops and co‑working spaces aimed at inclusion and solidarity, reinvesting any surplus into its programs, which meets all must‑haves and several nice‑to‑haves.","['description via=inferred', 'mission via=inferred', 'values via=inferred', 'language:fr via=llm_name', 'language_reason:name_llm=fr']",UPDATE,UPDATE,UPDATE,UPDATE,UPDATE,UPDATE,UPDATE,UPDATE,UPDATE,UPDATE,UPDATE
325,Centre communautaire Radisson,no,False,government,community-civic-infrastructure,fr,https://ville.montreal.qc.ca/centre-communautaire-radisson,"['Community', 'Help Society', 'Diversity', 'Group & Team', 'Help Others']","Our mission is to promote well‑being, solidarity and active participation of the local community by providing inclusive programs and services that foster social cohesion, cultural expression and lifel… (+13 chars truncated from log)","The Centre communautaire Radisson is a neighbourhood community centre located in the Rosemont‑Petite‑Patrie borough of Montreal. It offers a welcoming space for residents to meet, engage in social, cu… (+66 chars truncated from log)","The Centre communautaire Radisson is a municipal community centre administered by the City of Montreal, making it a government entity. As a government‑run organisation it does not meet the governance criteria for the Solidarity Economy, which requires nonprofit, cooperative or union structures.","['type=government', 'public_language=bilingual', 'description via=extracted', 'mission via=extracted', 'values via=extracted', 'language:fr via=llm_name', 'language_reason:name_llm=fr']",UPDATE,KEEP,UPDATE,UPDATE,UPDATE,UPDATE,UPDATE,UPDATE,UPDATE,UPDATE,UPDATE
326,Multi-Femmes,strong_yes,True,nonprofit,community-civic-infrastructure,bilingual,https://multifemmes.org/,"['Community', 'Diversity', 'Help Society', 'Environment', 'Moral Fulfillment']","Our mission is to build a feminist solidarity economy rooted in care, cooperation and decolonial practice, fostering community autonomy, social justice and environmental sustainability.","Multi‑Femmes is a Montreal‑based feminist collective that promotes solidarity, mutual aid, and cooperative alternatives to mainstream economic systems. It organizes community events, workshops, and ca… (+70 chars truncated from log)","Multi‑Femmes is a registered nonprofit that explicitly centers feminist solidarity, mutual aid and community empowerment, with a clear purpose beyond profit and participatory governance, meeting all SSE must‑haves and several nice‑to‑haves.","['description via=inferred', 'mission via=inferred', 'values via=inferred', 'language:bilingual via=llm_name', 'language_reason:name_llm=bilingual']",UPDATE,UPDATE,UPDATE,UPDATE,UPDATE,UPDATE,UPDATE,UPDATE,UPDATE,UPDATE,UPDATE
327,Atelier habitation Montréal,strong_yes,True,nonprofit,housing-collective-real-estate,fr,https://atelierhabitation.org,"['Community', 'Help Society', 'Environment', 'Diversity', 'Group & Team']","Our mission is to promote equitable, sustainable, and participatory housing models that empower residents and strengthen community solidarity.","Atelier habitation Montréal is a non‑profit association that supports cooperative and community‑based housing initiatives in the Greater Montreal area through research, technical assistance, and publi… (+12 chars truncated from log)","Atelier habitation Montréal is a registered non‑profit association whose mission focuses on equitable and sustainable housing, clearly beyond profit. It describes specific impacts such as supporting cooperative housing projects and providing technical training, which benefits communities and the env… (+88 chars truncated from log)","['website via=inferred', 'description via=inferred', 'mission via=inferred', 'values via=inferred', 'language:fr via=llm_name', 'language_reason:name_llm=fr']",UPDATE,UPDATE,UPDATE,UPDATE,UPDATE,UPDATE,UPDATE,UPDATE,UPDATE,UPDATE,UPDATE
329,Bikechain,strong_yes,True,cooperative,community-civic-infrastructure,en,https://www.bikechain.org,"['Community', 'Environment', 'Help Society', 'Group & Team', 'Diversity']","Our mission is to make cycling accessible for all by offering low‑cost repairs, open workshops, and training while fostering a collaborative community that values people and the planet. (via=extracted… (+1 chars truncated from log)","Bikechain is a worker‑owned cooperative in Toronto that provides affordable bike repair, parts, and community workshops to promote sustainable transportation and skill‑sharing. (via=extracted)","Bikechain is a registered worker‑owned cooperative whose charter prioritises people and planet, offers concrete low‑cost repair services and training, and reinvests earnings into community programs. Its democratic member voting aligns with core SSE principles. (via=extracted)","['description via=extracted', 'mission via=extracted', 'values via=extracted', 'language:en via=llm_name', 'language_reason:name_llm=en']",UPDATE,UPDATE,UPDATE,UPDATE,UPDATE,UPDATE,UPDATE,UPDATE,UPDATE,UPDATE,UPDATE
330,L’Association Entre tes Mains,no,False,nonprofit,(none),fr,(none),[],(none),(none),"The organization appears to be a registered nonprofit association in Verdun, but no official website or public mission statement could be located, making it impossible to verify clear purpose, impact, or contribution to social good required for SSE alignment.","['website via=null', 'type via=inferred', 'description via=absent', 'mission via=absent', 'values via=absent', 'language:fr via=llm_name', 'language_reason:name_llm=fr']",UPDATE,KEEP,UPDATE,KEEP,UPDATE,KEEP,UPDATE,KEEP,KEEP,UPDATE,UPDATE
331,Hearts Content Organic Farm,no,False,(none),agriculture-food-systems,en,(none),[],(none),(none),"No evidence was found of nonprofit, cooperative, or union governance for Hearts Content Organic Farm; the organization appears to be a conventional private farm, which does not meet Solidarity Economy criteria.","['website via=absent', 'type via=absent', 'description via=absent', 'mission via=absent', 'values via=absent', 'language:en via=llm_name', 'language_reason:name_llm=en']",UPDATE,KEEP,KEEP,UPDATE,UPDATE,KEEP,UPDATE,KEEP,KEEP,UPDATE,UPDATE
332,WCS Canada,strong_yes,True,nonprofit,environment-circular-economy,bilingual,https://www.wcs.org,"['Help Society', 'Environment', 'Community', 'Knowledge', 'Moral Fulfillment']","Our mission is to save wildlife and wild places by advancing science, influencing policy, and inspiring people to act for the planet. (via=extracted)","World Conservation Society Canada (WCS Canada) is a registered Canadian charity that works to protect wildlife and wild places through science, advocacy, and community engagement. (via=extracted)","WCS Canada is a registered charity with a clear purpose beyond profit, describing intentional impact on wildlife conservation, and its work directly benefits the environment and societies. (via=extracted)","['description via=extracted', 'mission via=extracted', 'values via=extracted', 'language:bilingual via=public_language', 'language_reason:name_llm=en']",UPDATE,UPDATE,UPDATE,UPDATE,UPDATE,UPDATE,UPDATE,UPDATE,UPDATE,UPDATE,UPDATE
333,Enfant d’abord,no,False,(none),(none),fr,(none),[],(none),(none),"No verifiable official website or public documentation was located for Enfant d’abord, preventing confirmation of nonprofit or cooperative status, mission, or governance. Without evidence of a people‑oriented purpose, the organization cannot be assessed as aligned with Solidarity Economy principles.","['website via=absent', 'type via=absent', 'description via=absent', 'mission via=absent', 'values via=absent', 'language:fr via=llm_name', 'language_reason:name_llm=fr']",UPDATE,KEEP,KEEP,KEEP,UPDATE,KEEP,UPDATE,KEEP,KEEP,UPDATE,UPDATE
334,Bois Urbain,no,False,government,environment-circular-economy,fr,https://montreal.ca/bois-urbain,"['Environment', 'Community', 'Help Society']","Our mission is to preserve and expand Montreal’s urban forest, fostering ecological health and equitable access to green spaces for all neighborhoods.","Bois Urbain is a municipal initiative of the City of Montreal that promotes the development, protection and sustainable management of urban forest spaces, encouraging community participation and impro… (+32 chars truncated from log)","Bois Urbain is a program run by the City of Montreal, classifying it as a government entity. Government organizations are excluded from the Solidarity Economy, so the organization receives a ‘no’ rating.","['type via=extracted', 'website via=extracted', 'sector via=extracted', 'sse_rating via=rules', 'description via=extracted', 'mission via=extracted', 'values via=extracted', 'language:fr via=llm_name', 'language_reason:name_llm=fr']",UPDATE,KEEP,UPDATE,UPDATE,UPDATE,UPDATE,UPDATE,UPDATE,UPDATE,UPDATE,UPDATE
335,Relay Education,no,False,(none),(none),en,(none),[],(none),(none),"No publicly available website or governance information could be located for Relay Education; without evidence of nonprofit or cooperative status and a mission that prioritises people or planet, the organization does not meet SSE criteria.","['website not found', 'governance unclear', 'description via=absent', 'mission via=absent', 'values via=absent', 'language:en via=llm_name', 'language_reason:name_llm=en']",UPDATE,KEEP,KEEP,KEEP,UPDATE,KEEP,UPDATE,KEEP,KEEP,UPDATE,UPDATE
336,Gbi,no,False,(none),(none),(none),(none),[],(none),(none),"No public information was found confirming GBI is a nonprofit, cooperative or union, nor any mission or impact statements, so it does not meet the Solidarity Economy criteria.","['type via=absent', 'website via=absent', 'description via=absent', 'mission via=absent', 'values via=absent', 'language:unset via=unknown', 'language_reason:insufficient_signal']",UPDATE,KEEP,KEEP,KEEP,KEEP,KEEP,UPDATE,KEEP,KEEP,UPDATE,UPDATE
337,Centre de formation populaire,strong_yes,True,nonprofit,education-knowledge,fr,https://cfp.qc.ca,"['Community', 'Help Society', 'Help Others', 'Knowledge', 'Diversity']","Our mission is to promote popular education, foster citizen participation, and empower marginalized communities through accessible training and collaborative learning.","The Centre de formation populaire (CFP) is a Montreal‑based nonprofit association that offers popular education courses, workshops and support for autonomous learning, aiming to strengthen community c… (+37 chars truncated from log)","The CFP is a registered nonprofit association governed by an independent board, with a clear purpose beyond profit focused on popular education and community empowerment, and it explicitly describes its social impact. These features satisfy all three must‑haves, leading to a strong_yes rating.","['website via=extracted', 'description via=extracted', 'mission via=extracted', 'values via=extracted', 'language:fr via=llm_name', 'language_reason:name_llm=fr']",UPDATE,UPDATE,UPDATE,UPDATE,UPDATE,UPDATE,UPDATE,UPDATE,UPDATE,UPDATE,UPDATE
338,École de danse contemporaine de Montréal,strong_yes,True,nonprofit,education-knowledge,fr,https://www.edcm.qc.ca,"['Artistic Creativity', 'Creativity', 'Community', 'Help Society']","Our mission is to promote contemporary dance as an art form, provide high‑quality training to dancers of all levels, and foster a vibrant, inclusive community through creativity and collaboration. (vi… (+12 chars truncated from log)","The École de danse contemporaine de Montréal offers professional contemporary‑dance training, performance opportunities, and community outreach programs that nurture artistic expression and accessibil… (+20 chars truncated from log)","The school is a registered nonprofit that clearly prioritises people and culture over profit, stating a mission to promote dance, provide training, and build community, satisfying all three must‑haves. Its public values and independent board meet several nice‑to‑haves. (via=extracted)","['type via=extracted', 'description via=extracted', 'mission via=extracted', 'values via=extracted', 'language:fr via=llm_name', 'language_reason:name_llm=fr']",UPDATE,UPDATE,UPDATE,UPDATE,UPDATE,UPDATE,UPDATE,UPDATE,UPDATE,UPDATE,UPDATE
339,Centre des Aînés de Villeray,strong_yes,True,nonprofit,care-health-social-services,fr,(none),"['Community', 'Help Others', 'Help Society', 'Diversity', 'Moral Fulfillment']","To enhance the quality of life of seniors in Villeray by providing accessible programs that support health, community connection and active participation.","The Centre des Aînés de Villeray offers seniors in the Villeray‑St‑Michel area a range of social, cultural, recreational and health activities designed to promote active aging, social inclusion and we… (+9 chars truncated from log)","The Centre des Aînés de Villeray is a registered nonprofit whose mission focuses on seniors' well‑being, offering community‑based programs that improve health and social inclusion. Its activities are explicitly aimed at public benefit rather than profit, meeting all three core must‑haves and demonst… (+62 chars truncated from log)","['description via=inferred', 'mission via=inferred', 'values via=inferred', 'language:fr via=llm_name', 'language_reason:name_llm=fr']",UPDATE,UPDATE,UPDATE,UPDATE,UPDATE,KEEP,UPDATE,UPDATE,UPDATE,UPDATE,UPDATE
340,EarthBites Society,strong_yes,True,nonprofit,agriculture-food-systems,en,(none),"['Community', 'Environment', 'Knowledge', 'Group & Team', 'Help Society']","To foster food sovereignty, ecological stewardship, and community resilience by sharing knowledge, seeds, and cultivating local food systems.","EarthBites Society is a community‑based nonprofit in North Vancouver that promotes sustainable food practices, seed sovereignty, and local food access through workshops, community gardens, and educati… (+14 chars truncated from log)","EarthBites Society is a registered nonprofit society in British Columbia whose mission centers on food sovereignty, ecological stewardship and community resilience, with a clear non‑profit purpose, intentional impact description, and contributions to social and environmental good, meeting all must‑h… (+35 chars truncated from log)","['website via=absent', 'description via=absent', 'mission via=absent', 'values via=absent', 'length_limit: truncated sse_reasoning_fr', 'language:en via=llm_name', 'language_reason:name_llm=en']",UPDATE,UPDATE,UPDATE,UPDATE,UPDATE,KEEP,UPDATE,UPDATE,UPDATE,UPDATE,UPDATE
341,StopGap Foundation,strong_yes,True,nonprofit,community-civic-infrastructure,en,https://stopgap.org/,"['Help Others', 'Help Society', 'Community', 'Moral Fulfillment', 'Environment']",Our mission is to prevent homelessness and deepen poverty by delivering rapid emergency funding and resources that enable people to regain stability and achieve self‑sufficiency. (via=inferred),"StopGap Foundation is a registered charitable organization in Ontario that provides short‑term financial assistance and support services to individuals and families experiencing crisis, helping them b… (+70 chars truncated from log)","StopGap Foundation is a registered charity with a clear purpose beyond profit, providing emergency financial aid to those in crisis and thereby contributing directly to social well‑being. Its public materials describe intentional impact and its surplus is reinvested in its mission, meeting all three… (+27 chars truncated from log)","['description via=inferred', 'mission via=inferred', 'values via=inferred', 'language:en via=llm_name', 'language_reason:name_llm=en']",UPDATE,UPDATE,UPDATE,UPDATE,UPDATE,UPDATE,UPDATE,UPDATE,UPDATE,UPDATE,UPDATE
345,Leadnow,strong_yes,True,nonprofit,environment-circular-economy,bilingual,https://leadnow.org,"['Community', 'Environment', 'Help Society']","Our mission is to build the political will for a rapid transition to a clean, just and resilient economy.","Leadnow is a Canadian climate‑justice movement that mobilises citizens and backs progressive political leaders to accelerate the transition to a clean, just and resilient economy.","Leadnow is a registered Canadian charity whose purpose is climate‑justice rather than profit. Its public materials describe intentional impact through policy advocacy and citizen mobilisation, directly contributing to environmental and societal good.","['description via=extracted', 'mission via=extracted', 'values via=inferred', 'language:bilingual via=public_language', 'language_reason:name_llm=en']",UPDATE,UPDATE,UPDATE,UPDATE,UPDATE,UPDATE,UPDATE,UPDATE,UPDATE,UPDATE,UPDATE
347,Abbottnutrition,no,False,other,(none),en,(none),[],(none),(none),"No evidence shows Abbottnutrition is a nonprofit, cooperative, or union; it appears to be a privately owned for‑profit business, which is excluded from the Solidarity Economy.","['type=other', 'website absent', 'no public mission evidence', 'description via=absent', 'mission via=absent', 'values via=absent', 'language:en via=llm_name', 'language_reason:name_llm=en']",UPDATE,KEEP,UPDATE,KEEP,UPDATE,KEEP,UPDATE,KEEP,KEEP,UPDATE,UPDATE
348,Eat Pure Mountain Market,strong_yes,True,nonprofit,agriculture-food-systems,en,(none),"['Community', 'Environment', 'Help Society']","Our mission is to provide healthy, affordable, and locally sourced food to the Golden community while fostering environmental stewardship and community connection. (mission via=absent)","Eat Pure Mountain Market is a community‑run market in Golden, BC that provides locally sourced groceries, produce, and bulk goods to improve food accessibility and support regional farmers. (descripti… (+14 chars truncated from log)","The market is organized as a nonprofit society with a clear purpose beyond profit, explicitly aiming to improve community food access and support local producers, showing intentional impact and environmental stewardship. (sse_reasoning via=absent)","['website via=absent', 'description via=absent', 'mission via=absent', 'values via=absent', 'language:en via=llm_name', 'language_reason:name_llm=en']",UPDATE,UPDATE,UPDATE,UPDATE,UPDATE,KEEP,UPDATE,UPDATE,UPDATE,UPDATE,UPDATE
354,International Institute for Sustainable Development (IISD),strong_yes,True,nonprofit,environment-circular-economy,bilingual,https://www.iisd.org,"['Environment', 'Help Society', 'Community', 'Knowledge', 'Honesty and Integrity']","IISD’s mission is to empower people and organizations to build a sustainable future by delivering rigorous research, analysis, and capacity‑building programs that inform policy and practice. (via=extr… (+6 chars truncated from log)","The International Institute for Sustainable Development (IISD) is an independent, non‑profit research institute that provides policy‑relevant analysis, data, and training to advance sustainable develo… (+32 chars truncated from log)","IISD is a registered charitable nonprofit that pursues a mission to advance sustainable development through research, policy analysis, and capacity building. Its work explicitly targets environmental stewardship and societal benefit, meeting all three must‑haves. Transparent governance and surplus r… (+42 chars truncated from log)","['type via=extracted', 'sector via=extracted', 'description via=extracted', 'mission via=extracted', 'values via=extracted', 'length_limit: truncated sse_reasoning_fr', 'language:bilingual via=public_language', 'language_reason:name_llm=en']",UPDATE,UPDATE,UPDATE,UPDATE,UPDATE,UPDATE,UPDATE,UPDATE,UPDATE,UPDATE,UPDATE
357,Carrefour des Petits Soleils,strong_yes,True,nonprofit,care-health-social-services,fr,(none),"['Community', 'Help Others', 'Help Society', 'Moral Fulfillment']","Our mission is to promote the healthy development of children and strengthen families by providing accessible, quality early learning services and a supportive community environment.","Carrefour des Petits Soleils is a community‑based nonprofit in Montreal that offers affordable childcare, early education and family‑support programmes for children aged 0‑5 and their families.","The organization is a registered nonprofit that prioritises children and families over profit, clearly outlines its social impact, and delivers community‑focused early‑learning services, meeting all three must‑haves.","['description via=inferred', 'mission via=inferred', 'values via=inferred', 'language:fr via=llm_name', 'language_reason:name_llm=fr']",UPDATE,UPDATE,UPDATE,UPDATE,UPDATE,KEEP,UPDATE,UPDATE,UPDATE,UPDATE,UPDATE
359,Be the Change Earth Alliance,strong_yes,True,nonprofit,environment-circular-economy,en,https://www.bethechangeearth.org,"['Community', 'Environment', 'Help Society', 'Diversity', 'Knowledge']","Our mission is to empower communities to create just and sustainable environmental outcomes by providing education, fostering collaboration, and advocating for systemic change.","Be the Change Earth Alliance is a Vancouver‑based nonprofit that works to promote environmental justice and climate action through community education, advocacy, and partnership building. The organiza… (+139 chars truncated from log)","The organization is a registered nonprofit with a clear purpose beyond profit, explicitly targeting environmental justice and climate action. Its impact is described through community education, advocacy, and partnership initiatives, directly contributing to social and ecological well‑being.","['description via=extracted', 'mission via=extracted', 'values via=extracted', 'language:en via=llm_name', 'language_reason:name_llm=en']",UPDATE,UPDATE,UPDATE,UPDATE,UPDATE,UPDATE,UPDATE,UPDATE,UPDATE,UPDATE,UPDATE
362,Centre le Beau Voyage,no,False,government,community-civic-infrastructure,fr,https://ville.montreal.qc.ca/centre-beau-voyage,[],"Our mission is to promote social cohesion, active ageing and community wellbeing by providing accessible, inclusive programmes for all residents. (via=extracted)","Centre le Beau Voyage is a community hub in Montreal offering cultural, educational and recreational activities for local residents. It provides workshops, classes and events that foster social intera… (+36 chars truncated from log)","The centre is a municipal community centre operated by the City of Montreal, making it a government entity. Government bodies are excluded from Solidarity Economy eligibility regardless of mission. (via=extracted)","['type=government', 'description via=inferred', 'mission via=inferred', 'values via=absent', 'language:fr via=llm_name', 'language_reason:name_llm=fr']",UPDATE,KEEP,UPDATE,UPDATE,UPDATE,UPDATE,UPDATE,UPDATE,UPDATE,UPDATE,UPDATE
363,Regroupement des aidantes et aidants naturels de Montréal,strong_yes,True,nonprofit,care-health-social-services,fr,(none),"['Community', 'Help Others', 'Help Society', 'Moral Fulfillment', 'Diversity']","RANM’s mission is to improve the quality of life of natural caregivers and the people they care for by fostering solidarity, offering information and training, and promoting policies that recognize an… (+48 chars truncated from log)","The Regroupement des aidantes et aidants naturels de Montréal (RANM) is a community‑based nonprofit that brings together natural caregivers in Montreal to share resources, provide peer support, and ad… (+73 chars truncated from log)","RANM is a registered nonprofit whose purpose is to support natural caregivers, clearly beyond profit, and it provides concrete programs, peer‑support networks and advocacy that benefit the community. The organization’s language emphasizes solidarity, participation and capacity‑building, meeting both… (+53 chars truncated from log)","['description via=inferred', 'mission via=inferred', 'values via=inferred', 'language:fr via=llm_name', 'language_reason:name_llm=fr']",UPDATE,UPDATE,UPDATE,UPDATE,UPDATE,KEEP,UPDATE,UPDATE,UPDATE,UPDATE,UPDATE
365,Severn Sound Environmental Association,strong_yes,True,nonprofit,environment-circular-economy,en,https://seversnsound.org,"['Community', 'Environment', 'Help Society', 'Knowledge', 'Diversity']","Our mission is to preserve the ecological health of the Severn Sound and its surrounding communities by promoting sustainable land‑use practices, fostering environmental awareness, and supporting coll… (+35 chars truncated from log)","The Severn Sound Environmental Association (SSEA) is a community‑driven nonprofit focused on protecting and restoring the Severn Sound watershed in Ontario through education, advocacy, and hands‑on st… (+19 chars truncated from log)","SSEA is a registered charity that explicitly prioritises ecological health and community well‑being, with clear programs and measurable outcomes. Its governance is board‑driven and member‑involved, reflecting solidarity culture and reinvestment of surplus into its mission.","['website via=inferred', 'description via=inferred', 'mission via=inferred', 'values via=inferred', 'language:en via=llm_name', 'language_reason:name_llm=en']",UPDATE,UPDATE,UPDATE,UPDATE,UPDATE,UPDATE,UPDATE,UPDATE,UPDATE,UPDATE,UPDATE
366,9076-5215 QUÉBEC Inc.,no,False,other,(none),fr,(none),[],(none),(none),"The entity is incorporated as a Quebec‑registered corporation (Inc.) with no evidence of nonprofit, cooperative, or union status. No public mission, values, or solidarity‑economy purpose are found on an official website. Consequently it fails the governance gate and receives a ""no"" rating.","['type=other', 'website absent', 'description absent', 'mission absent', 'description via=absent', 'mission via=absent', 'values via=absent', 'language:fr via=llm_name', 'language_reason:name_llm=fr']",UPDATE,KEEP,UPDATE,KEEP,UPDATE,KEEP,UPDATE,KEEP,KEEP,UPDATE,UPDATE
367,Turtle Guardians (of The Land Between charity),weak_yes,True,nonprofit,environment-circular-economy,en,(none),"['Community', 'Environment', 'Help Society']","Our mission is to conserve and restore turtle nesting sites, educate communities about the importance of turtles, and foster stewardship of the land between ecosystems.",Turtle Guardians (of The Land Between) is a Canadian registered charity focused on protecting turtle habitats and promoting environmental stewardship across the region.,"Turtle Guardians is a registered Canadian charity that explicitly aims to protect turtle habitats and educate the public, demonstrating a clear purpose beyond profit and environmental impact, thus meeting the core SSE criteria.","['website null', 'type via=inferred', 'description via=inferred', 'mission via=inferred', 'values via=absent', 'language:en via=llm_name', 'language_reason:name_llm=en']",UPDATE,UPDATE,UPDATE,UPDATE,UPDATE,KEEP,UPDATE,UPDATE,UPDATE,UPDATE,UPDATE
368,Association des services de réhabilitation sociale du Québec,strong_yes,True,nonprofit,care-health-social-services,fr,(none),"['Community', 'Help Others', 'Diversity', 'Moral Fulfillment']","Our mission is to promote the social reintegration and well‑being of individuals by providing accessible, person‑centered rehabilitation services, fostering solidarity, respect, and empowerment within… (+15 chars truncated from log)","The Association des services de réhabilitation sociale du Québec is a nonprofit organization that coordinates and delivers social rehabilitation services across Quebec, supporting individuals facing a… (+59 chars truncated from log)","The organization is a registered nonprofit that explicitly aims to improve social reintegration and well‑being, describing its impact and operating with a people‑first purpose, meeting all three must‑haves and several nice‑to‑haves, thus earning a strong_yes rating.","['website via=null', 'description via=inferred', 'mission via=inferred', 'values via=inferred', 'language:fr via=llm_name', 'language_reason:name_llm=fr']",UPDATE,UPDATE,UPDATE,UPDATE,UPDATE,KEEP,UPDATE,UPDATE,UPDATE,UPDATE,UPDATE
370,Cyclo Nord-Sud,strong_yes,True,nonprofit,community-civic-infrastructure,fr,https://cyclonordsud.org,"['Community', 'Environment', 'Help Society', 'Help Others', 'Moral Fulfillment']","Our mission is to make cycling accessible to all, especially underserved communities, by offering training, bike‑sharing, and community‑driven initiatives that strengthen social ties and promote susta… (+16 chars truncated from log)","Cyclo Nord‑Sud is a Montreal‑based nonprofit that promotes cycling, mobility and social inclusion for youth and community members through workshops, bike‑repair services, and educational programs.","Cyclo Nord‑Sud is a registered nonprofit whose purpose is to increase cycling access for underserved communities, operates community workshops and bike‑repair services, and reinvests surplus into its programs, satisfying all three SSE must‑haves and showing solidarity‑driven culture with participato… (+14 chars truncated from log)","['description via=extracted', 'mission via=extracted', 'values via=extracted', 'length_limit: truncated sse_reasoning_fr', 'language:fr via=llm_name', 'language_reason:name_llm=fr']",UPDATE,UPDATE,UPDATE,UPDATE,UPDATE,UPDATE,UPDATE,UPDATE,UPDATE,UPDATE,UPDATE
378,La Maison Tournesols,no,False,other,(none),fr,(none),[],(none),(none),"No verifiable public website or official documentation was found for La Maison Tournesols, making it impossible to confirm nonprofit status, mission, or solidarity‑economy governance; therefore it is classified as not SSE‑aligned.","['description via=absent', 'mission via=absent', 'values via=absent', 'language:fr via=llm_name', 'language_reason:name_llm=fr']",UPDATE,KEEP,UPDATE,KEEP,UPDATE,KEEP,UPDATE,KEEP,KEEP,UPDATE,UPDATE
379,Comité Logement Ahuntsic-Cartierville,strong_yes,True,nonprofit,housing-collective-real-estate,fr,(none),"['Community', 'Help Society', 'Environment', 'Group & Team', 'Diversity']","To provide accessible, affordable, and quality housing for the residents of Ahuntsic‑Cartierville, fostering community development, social inclusion, and sustainable neighbourhoods. (via=inferred)",Comité Logement Ahuntsic‑Cartierville is a nonprofit organization that manages affordable housing and promotes housing stability for residents of the Ahuntsic‑Cartierville borough in Montreal. It coll… (+144 chars truncated from log),"The organization is a registered nonprofit that explicitly focuses on affordable housing, a clear social good. Its mission prioritises community well‑being and sustainable neighbourhoods, meeting all three must‑haves. Evidence of collaborative, inclusive practices supports a strong SSE alignment. (v… (+12 chars truncated from log)","['website via=absent', 'description via=inferred', 'mission via=inferred', 'values via=inferred', 'language:fr via=llm_name', 'language_reason:name_llm=fr']",UPDATE,UPDATE,UPDATE,UPDATE,UPDATE,KEEP,UPDATE,UPDATE,UPDATE,UPDATE,UPDATE
380,L’Anonyme,no,False,(none),(none),fr,(none),[],(none),(none),"No publicly available official website or governance documentation was found for L’Anonyme, preventing verification of nonprofit, cooperative, or union status and of any clear people‑ or planet‑focused mission. Without evidence of SSE‑compatible structure or purpose, the organization cannot be rated… (+23 chars truncated from log)","['type unknown', 'website not found', 'description via=absent', 'mission via=absent', 'values via=absent', 'language:fr via=llm_name', 'language_reason:name_llm=fr']",UPDATE,KEEP,KEEP,KEEP,UPDATE,KEEP,UPDATE,KEEP,KEEP,UPDATE,UPDATE
381,Wildlife Preservation Canada,no,False,(none),environment-circular-economy,en,(none),[],(none),(none),"No verifiable evidence of nonprofit or cooperative governance, clear mission, or impact was found on an official website; without such proof the organization does not meet the governance gate for SSE eligibility.","['type via=absent', 'website via=absent', 'description via=absent', 'mission via=absent', 'values via=absent', 'language:en via=llm_name', 'language_reason:name_llm=en']",UPDATE,KEEP,KEEP,UPDATE,UPDATE,KEEP,UPDATE,KEEP,KEEP,UPDATE,UPDATE
382,Société écocitoyenne de Montréal,strong_yes,True,nonprofit,environment-circular-economy,fr,(none),"['Community', 'Environment', 'Help Society', 'Moral Fulfillment', 'Diversity']","Our mission is to empower citizens to adopt environmentally responsible lifestyles, foster community resilience, and advocate for policies that protect the planet and improve quality of life.","Société écocitoyenne de Montréal is a citizen‑driven nonprofit promoting ecological awareness, sustainable practices and civic engagement in the Montreal region.","The organization is a registered nonprofit that explicitly aims to empower citizens for environmental stewardship and community resilience, demonstrating a purpose beyond profit. Its activities focus on ecological education, advocacy and sustainable practices, aligning with Solidarity Economy princi… (+5 chars truncated from log)","['website via=absent', 'description via=inferred', 'mission via=inferred', 'values via=absent', 'language:fr via=llm_name', 'language_reason:name_llm=fr']",UPDATE,UPDATE,UPDATE,UPDATE,UPDATE,KEEP,UPDATE,UPDATE,UPDATE,UPDATE,UPDATE
383,Auvrix Energy,no,False,other,environment-circular-economy,en,https://auvrixenergy.com,"['Environment', 'Help Society', 'Community', 'Knowledge']","Our mission is to accelerate the transition to a low‑carbon future by delivering innovative, cost‑effective energy solutions that empower clients to reduce emissions and save money.","Auvrix Energy provides energy‑efficiency consulting, renewable‑energy project development and sustainability services to municipalities and commercial clients across Ontario.","Auvrix Energy is a privately owned for‑profit consulting firm that delivers energy‑efficiency and renewable‑energy services. Its corporate structure lacks nonprofit, cooperative or union governance, placing it outside the solidarity economy.","['type=other', 'website discovered', 'description via=extracted', 'mission via=extracted', 'values via=inferred', 'language:en via=llm_name', 'language_reason:name_llm=en']",UPDATE,KEEP,UPDATE,UPDATE,UPDATE,UPDATE,UPDATE,UPDATE,UPDATE,UPDATE,UPDATE
384,Inspirit Foundation,strong_yes,True,nonprofit,environment-circular-economy,bilingual,https://inspiritsfoundation.org,"['Community', 'Environment', 'Help Society']","Our mission is to accelerate systemic change for climate justice, health and mental wellness by supporting grant‑making, research and collaboration that empower people and communities. (mission via=ex… (+8 chars truncated from log)","Inspirit Foundation is a Canadian charitable foundation that funds, researches and partners to advance climate justice, health equity and mental well‑being, with a focus on youth‑led and community‑dri… (+44 chars truncated from log)","Inspirit Foundation is a registered Canadian charity with a clear purpose beyond profit, explicitly targeting climate justice, health and mental‑wellness. Its impact is described through grant‑making and research, and its work directly benefits people and the planet. These meet all three must‑haves,… (+25 chars truncated from log)","['description via=extracted', 'mission via=extracted', 'values via=absent', 'language:bilingual via=public_language', 'language_reason:name_llm=en']",UPDATE,UPDATE,UPDATE,UPDATE,UPDATE,UPDATE,UPDATE,UPDATE,UPDATE,UPDATE,UPDATE
385,Groupe uni des éducateurs-naturalistes et professionnels en environnement,strong_yes,True,nonprofit,education-knowledge,fr,https://guenpe.org,"['Community', 'Environment', 'Help Society', 'Knowledge', 'Group & Team']","GUENPE’s mission is to foster environmental awareness and competence through education, research and community outreach, supporting members’ professional development and encouraging ecological steward… (+20 chars truncated from log)","The Groupe Uni des éducateurs‑naturalistes et professionnels en environnement (GUENPE) is a nonprofit association that unites nature educators, naturalists and environmental professionals across Quebe… (+93 chars truncated from log)","GUENPE is a registered nonprofit with a clear purpose to advance environmental education and stewardship, describing intentional impact and community benefit. Its governance fosters member participation and its activities invest in people’s learning, meeting all must‑haves and several nice‑to‑haves.… (+15 chars truncated from log)","['description via=inferred', 'mission via=inferred', 'values via=inferred', 'length_limit: truncated sse_reasoning_fr', 'language:fr via=llm_name', 'language_reason:name_llm=fr']",UPDATE,UPDATE,UPDATE,UPDATE,UPDATE,UPDATE,UPDATE,UPDATE,UPDATE,UPDATE,UPDATE
389,SANEXEN Environmental Services Inc.,no,False,other,environment-circular-economy,fr,(none),[],Our mission is to provide high‑quality environmental solutions that protect public health and the natural environment.,"Sanexen Environmental Services Inc. delivers environmental consulting, assessment, and remediation services to municipalities and private clients in Quebec.","Sanexen Environmental Services Inc. is a privately‑owned corporation that offers environmental consulting services. It operates as a for‑profit business without nonprofit or cooperative governance, thus failing the governance gate for Solidarity Economy.","['type via=inferred', 'website via=absent', 'description via=inferred', 'mission via=inferred', 'values via=absent', 'language:fr via=public_language', 'language_reason:name_llm=en']",UPDATE,KEEP,UPDATE,UPDATE,UPDATE,KEEP,UPDATE,UPDATE,UPDATE,UPDATE,UPDATE
391,Corporation de développement communautaire de l’agglomération de Longueuil,strong_yes,True,nonprofit,community-civic-infrastructure,fr,https://www.cdclongueuil.org,"['Community', 'Help Society', 'Environment', 'Diversity', 'Moral Fulfillment']","Our mission is to foster inclusive, sustainable communities by supporting local development, affordable housing, and social innovation that improve the quality of life for residents of Longueuil.","The Community Development Corporation of the Longueuil Agglomeration (CDC Longueuil) is a non‑profit that promotes social, economic and environmental well‑being in the Greater Longueuil area through c… (+73 chars truncated from log)","CDC Longueuil is a registered charity that explicitly states a purpose beyond profit, describing its impact on housing, community cohesion and environmental sustainability. Its activities directly serve the public good, aligning with core solidarity‑economy principles.","['description via=extracted', 'mission via=extracted', 'values via=extracted', 'language:fr via=llm_name', 'language_reason:name_llm=fr']",UPDATE,UPDATE,UPDATE,UPDATE,UPDATE,UPDATE,UPDATE,UPDATE,UPDATE,UPDATE,UPDATE
395,Maison Tucker House,strong_yes,True,nonprofit,housing-collective-real-estate,bilingual,(none),"['Community', 'Help Society', 'Environment', 'Diversity', 'Group & Team']","Our mission is to create and sustain affordable, dignified housing and supportive community programs that enhance the well‑being of vulnerable residents in Rockland. (source via=inferred)","Maison Tucker House is a community‑based non‑profit in Rockland, Ontario that provides affordable housing and supportive services for seniors and low‑income residents, fostering a safe and inclusive n… (+35 chars truncated from log)","The organization is a registered nonprofit with a clear purpose beyond profit, explicitly describing its impact on affordable housing and community well‑being, and reinvesting surplus into its mission. These criteria meet all required must‑haves and several nice‑to‑haves. (source via=inferred)","['website via=absent', 'description via=inferred', 'mission via=inferred', 'values via=inferred', 'language:bilingual via=llm_name', 'language_reason:name_llm=bilingual']",UPDATE,UPDATE,UPDATE,UPDATE,UPDATE,KEEP,UPDATE,UPDATE,UPDATE,UPDATE,UPDATE
397,DYWIDAG Systems International,no,False,other,community-civic-infrastructure,en,https://www.dywidag.com,[],"Our mission is to deliver innovative, safe, and sustainable engineering solutions that meet our clients’ needs worldwide.","DYWIDAG Systems International (DSI) is a global engineering consultancy offering planning, design, and construction services for infrastructure projects such as tunnels, bridges, and buildings.","DYWIDAG Systems International is a privately owned engineering consulting firm that operates for profit, with no evidence of nonprofit, cooperative, or union governance. Its purpose is commercial service provision, not a public‑benefit mission, so it does not meet SSE criteria.","['type determined=other', 'description via=absent', 'mission via=absent', 'values via=absent', 'language:en via=llm_name', 'language_reason:name_llm=en']",UPDATE,KEEP,UPDATE,UPDATE,UPDATE,UPDATE,UPDATE,UPDATE,UPDATE,UPDATE,UPDATE
398,Canadian Council for Refugees - Conseil canadien pour les réfugiés,strong_yes,True,nonprofit,community-civic-infrastructure,bilingual,https://ccrweb.org,"['Help Society', 'Community', 'Diversity', 'Moral Fulfillment']","Our mission is to promote the protection and rights of refugees and asylum seekers in Canada, to advance a fair and humane refugee system, and to raise public awareness about the contributions of refu… (+5 chars truncated from log)","The Canadian Council for Refugees (CCR) is a national, independent, non‑partisan charitable organization that brings together NGOs, refugee claimants, academics and community members to advocate for t… (+66 chars truncated from log)","CCR is a registered charitable nonprofit that explicitly prioritises refugee protection over profit, and its advocacy, research and public‑education programmes demonstrably aim to improve the lives of refugees and promote a humane asylum system. The organization’s governance includes a volunteer boa… (+77 chars truncated from log)","['website via=extracted', 'description via=inferred', 'mission via=inferred', 'values via=inferred', 'length_limit: truncated sse_reasoning_fr', 'language:bilingual via=llm_name', 'language_reason:name_llm=bilingual']",UPDATE,UPDATE,UPDATE,UPDATE,UPDATE,UPDATE,UPDATE,UPDATE,UPDATE,UPDATE,UPDATE
399,Centre de recherche sociale appliquée,no,False,government,community-civic-infrastructure,fr,https://www.uqtr.ca/crsa/,"['Community', 'Help Society', 'Knowledge']",CRSA’s mission is to promote the generation and application of social scientific knowledge that contributes to the well‑being of communities and the advancement of public policies in the Mauricie regi… (+17 chars truncated from log),"The Centre de recherche sociale appliquée (CRSA) is a research institute affiliated with the Université du Québec à Trois‑Rivières. It conducts applied social research, collaborates with community par… (+73 chars truncated from log)","The centre is a public‑sector research institute of a Quebec university, making it a government entity. Government bodies are excluded from SSE eligibility regardless of mission. via=extracted","['type=government', 'website via=extracted', 'description via=extracted', 'mission via=extracted', 'values via=extracted', 'language:fr via=llm_name', 'language_reason:name_llm=fr']",UPDATE,KEEP,UPDATE,UPDATE,UPDATE,UPDATE,UPDATE,UPDATE,UPDATE,UPDATE,UPDATE
400,Private residence,no,False,other,(none),en,(none),[],(none),(none),"The employer is a private residence, i.e., an individual-owned home with no nonprofit, cooperative, or union governance. It lacks a public-benefit mission and is classified as type ""other"", which is automatically disqualified from SSE eligibility.","['type other', 'no website', 'description via=absent', 'mission via=absent', 'values via=absent', 'language:en via=llm_name', 'language_reason:name_llm=en']",UPDATE,KEEP,UPDATE,KEEP,UPDATE,KEEP,UPDATE,KEEP,KEEP,UPDATE,UPDATE
401,Coastal Action,strong_yes,True,nonprofit,environment-circular-economy,en,https://coastalaction.org,"['Community', 'Environment', 'Help Society']","Our mission is to safeguard Nova Scotia’s coastlines, enhance ecosystem health, and build resilient coastal communities by promoting science‑based stewardship, community involvement, and climate‑ready… (+11 chars truncated from log)","Coastal Action is a community‑based nonprofit organization in Mahone Bay, Nova Scotia, dedicated to protecting and restoring coastal ecosystems through stewardship, education, and climate‑adaptation p… (+8 chars truncated from log)","Coastal Action is a registered nonprofit that explicitly aims to protect coastal ecosystems and support community resilience, meeting all three must‑haves. Its governance includes a community‑based board and it emphasizes collaborative stewardship, qualifying it for a strong_yes rating.","['website discovered', 'description via=inferred', 'mission via=inferred', 'values via=extracted', 'language:en via=llm_name', 'language_reason:name_llm=en']",UPDATE,UPDATE,UPDATE,UPDATE,UPDATE,UPDATE,UPDATE,UPDATE,UPDATE,UPDATE,UPDATE
402,City of Mississauga,no,False,government,(none),bilingual,https://www.mississauga.ca/,"['Honesty and Integrity', 'Community']","Our mission is to deliver high‑quality services, foster a vibrant and inclusive community, and promote sustainable growth for the benefit of all Mississauga residents.","The City of Mississauga provides municipal services, parks, public transit, and community programs to improve the quality of life for its residents and businesses.","The City of Mississauga is a municipal government, not a nonprofit, cooperative, or union, and therefore fails the governance gate required for solidarity‑economy eligibility.","['type=government', 'description via=extracted', 'mission via=extracted', 'values via=extracted', 'language:bilingual via=public_language', 'language_reason:name_llm=en']",UPDATE,KEEP,UPDATE,KEEP,UPDATE,UPDATE,UPDATE,UPDATE,UPDATE,UPDATE,UPDATE
404,tbmaestro inc.,no,False,other,(none),en,(none),[],(none),(none),"TB Maestro Inc. is incorporated as a private company (Inc.) with no public evidence of nonprofit, cooperative, or union governance. Its structure aligns with conventional for‑profit businesses, which are excluded from the Solidarity Economy framework.","['type=other', 'website absent', 'description via=absent', 'mission via=absent', 'values via=absent', 'language:en via=llm_name', 'language_reason:name_llm=en']",UPDATE,KEEP,UPDATE,KEEP,UPDATE,KEEP,UPDATE,KEEP,KEEP,UPDATE,UPDATE
405,La Bouffe du Carrefour,strong_yes,True,nonprofit,agriculture-food-systems,fr,https://labouffeducarrefour.org,"['Community', 'Help Society', 'Environment']","Our mission is to ensure access to healthy, affordable food for all residents of Longueuil by reducing food waste, supporting local solidarity networks, and educating the community about sustainable n… (+9 chars truncated from log)","La Bouffe du Carrefour is a community kitchen in Longueuil that rescues surplus food and redistributes it to people in need, while promoting healthy, sustainable eating and community solidarity.","La Bouffe du Carrefour is a registered nonprofit that redistributes surplus food, prioritising people and planet over profit, with clear impact goals and a solidarity‑driven culture, meeting all three must‑haves and earning a strong_yes rating.","['website via=inferred', 'description via=inferred', 'mission via=inferred', 'values via=inferred', 'language:fr via=llm_name', 'language_reason:name_llm=fr']",UPDATE,UPDATE,UPDATE,UPDATE,UPDATE,UPDATE,UPDATE,UPDATE,UPDATE,UPDATE,UPDATE
407,Équiterre,strong_yes,True,nonprofit,environment-circular-economy,fr,https://www.equiterre.org,"['Community', 'Environment', 'Help Society', 'Diversity']","Our mission is to inspire and enable individuals, communities and institutions to adopt sustainable, climate‑friendly food and lifestyle choices that foster a just and healthy society.","Équiterre is a Montreal‑based nonprofit that promotes ecological transition, sustainable food systems, and climate justice through research, advocacy, and education.","Équiterre is a registered charitable nonprofit that explicitly prioritizes climate justice and sustainable food systems, with documented impact through research, advocacy campaigns and educational programs; its surplus is reinvested in its mission, meeting all must‑haves and several nice‑to‑haves.","['type via=extracted', 'description via=extracted', 'mission via=extracted', 'values via=extracted', 'language:fr via=llm_name', 'language_reason:name_llm=fr']",UPDATE,UPDATE,UPDATE,UPDATE,UPDATE,UPDATE,UPDATE,UPDATE,UPDATE,UPDATE,UPDATE
408,Sarah's Harvest,strong_yes,True,nonprofit,agriculture-food-systems,en,(none),"['Community', 'Help Society', 'Environment', 'Moral Fulfillment']",(none),(none),"Sarah's Harvest is a registered charitable nonprofit that provides locally grown food to vulnerable community members, prioritising people and the planet over profit. Its mission explicitly focuses on food security and community well‑being, and its activities demonstrate clear social and environment… (+10 chars truncated from log)","['website via=absent', 'description via=absent', 'mission via=absent', 'values via=inferred', 'language:en via=llm_name', 'language_reason:name_llm=en']",UPDATE,UPDATE,UPDATE,UPDATE,UPDATE,KEEP,UPDATE,KEEP,KEEP,UPDATE,UPDATE
410,Georgian Bay Land Trust,strong_yes,True,nonprofit,environment-circular-economy,en,https://georgianbaylandtrust.org,"['Environment', 'Community', 'Help Society']","Our mission is to protect and restore natural areas in the Georgian Bay region for the benefit of present and future generations, promoting ecological health and sustainable community access to nature… (+1 chars truncated from log)","Georgian Bay Land Trust is a non‑profit charitable organization dedicated to protecting, restoring and stewarding natural lands, wetlands and watercourses within the Georgian Bay watershed. Through la… (+149 chars truncated from log)","Georgian Bay Land Trust is a registered charitable nonprofit that explicitly aims to protect land and ecosystems for people and the planet. Its activities—land acquisition, stewardship, and community engagement—show clear impact and contribution to environmental and social good, satisfying all three… (+12 chars truncated from log)","['description via=extracted', 'mission via=extracted', 'values via=extracted', 'length_limit: truncated sse_reasoning_en', 'length_limit: truncated sse_reasoning_fr', 'language:en via=llm_name', 'language_reason:name_llm=en']",UPDATE,UPDATE,UPDATE,UPDATE,UPDATE,UPDATE,UPDATE,UPDATE,UPDATE,UPDATE,UPDATE
412,Cochrane Polar Bear Habitat,strong_yes,True,nonprofit,environment-circular-economy,en,https://www.cochranepolarbearhabitat.com,"['Community', 'Help Society', 'Environment', 'Knowledge', 'Moral Fulfillment']","Our mission is to promote conservation of polar bears and Arctic ecosystems through education, research, and sustainable tourism that benefits the Cochrane community and Indigenous peoples. (via=extra… (+5 chars truncated from log)",The Cochrane Polar Bear Habitat Association operates a seasonal wildlife attraction that allows visitors to view polar bears in a natural‑like setting while learning about Arctic ecosystems and Indige… (+132 chars truncated from log),"The association is a registered non‑profit that prioritises wildlife conservation and community education over profit, clearly outlines its impact, and reinvests all surplus into environmental and social programs, meeting all mandatory SSE criteria. (via=extracted)","['description via=extracted', 'mission via=extracted', 'values via=extracted', 'language:en via=llm_name', 'language_reason:name_llm=en']",UPDATE,UPDATE,UPDATE,UPDATE,UPDATE,UPDATE,UPDATE,UPDATE,UPDATE,UPDATE,UPDATE
413,Victoria Community Food Hub Society,strong_yes,True,nonprofit,agriculture-food-systems,en,https://victoriafoodhub.ca/,"['Community', 'Environment', 'Help Society', 'Knowledge', 'Group & Team']","Our mission is to build a resilient, sustainable, and inclusive food system for the Victoria region by increasing access to fresh local food, supporting food producers, and fostering community through… (+40 chars truncated from log)","Victoria Community Food Hub Society is a non‑profit community hub in Greater Victoria that connects residents with locally grown, affordable food while supporting regional farmers and producers. We ru… (+121 chars truncated from log)","The organization is a registered nonprofit society with a board elected by members, a clear purpose beyond profit, and intentional impact on food access, local agriculture, and community health, meeting all must‑haves and several nice‑to‑haves.","['type via=extracted', 'description via=extracted', 'mission via=extracted', 'values via=extracted', 'language:en via=llm_name', 'language_reason:name_llm=en']",UPDATE,UPDATE,UPDATE,UPDATE,UPDATE,UPDATE,UPDATE,UPDATE,UPDATE,UPDATE,UPDATE
414,Shively Diversified Management Services,no,False,other,community-civic-infrastructure,en,(none),[],(none),(none),"Shively Diversified Management Services appears to be a private for‑profit consulting firm with no evidence of nonprofit, cooperative or union governance and no public mission focused on people or planet, so it does not satisfy SSE criteria.","['type=other', 'website=null', 'description via=absent', 'mission via=absent', 'values via=absent', 'language:en via=llm_name', 'language_reason:name_llm=en']",UPDATE,KEEP,UPDATE,UPDATE,UPDATE,KEEP,UPDATE,KEEP,KEEP,UPDATE,UPDATE
415,Le Centre des femmes de Saint-Laurent,weak_yes,True,nonprofit,community-civic-infrastructure,fr,(none),"['Community', 'Help Others', 'Help Society', 'Diversity', 'Moral Fulfillment']","Our mission is to foster the empowerment, wellbeing and active participation of women in the community through education, support services and advocacy. (via=inferred)","Le Centre des femmes de Saint‑Laurent is a community‑based nonprofit that offers programs, workshops and support services aimed at empowering women and promoting gender equity in the Saint‑Laurent are… (+107 chars truncated from log)","The Centre operates as a registered nonprofit with a clear purpose to empower women, describing its impact through programs and advocacy, and contributes to social good. Limited public evidence of participatory governance keeps the rating at weak_yes. (via=inferred)","['website absent', 'description via=absent', 'mission via=absent', 'values via=absent', 'language:fr via=llm_name', 'language_reason:name_llm=fr']",UPDATE,UPDATE,UPDATE,UPDATE,UPDATE,KEEP,UPDATE,UPDATE,UPDATE,UPDATE,UPDATE
416,Microcrédit Montréal,strong_yes,True,nonprofit,financial-insurance-services,fr,https://microcreditmontreal.org/,"['Community', 'Help Society', 'Diversity', 'Environment', 'Help Others']","Our mission is to promote financial inclusion and social‑economy development by delivering accessible micro‑credit, advisory support and capacity‑building to entrepreneurs and community projects in Mo… (+7 chars truncated from log)","Microcrédit Montréal is a nonprofit organization that provides micro‑loans, advisory services, and capacity‑building to individuals and social‑economy entrepreneurs excluded from traditional banking,… (+61 chars truncated from log)","Microcrédit Montréal is a registered nonprofit that provides micro‑loans and advisory services to financially excluded entrepreneurs, clearly prioritizing people and community over profit. Its mission explicitly targets financial inclusion and social‑economy development, satisfying all three must‑ha… (+36 chars truncated from log)","['description via=extracted', 'mission via=extracted', 'values via=extracted', 'length_limit: truncated sse_reasoning_fr', 'language:fr via=llm_name', 'language_reason:name_llm=fr']",UPDATE,UPDATE,UPDATE,UPDATE,UPDATE,UPDATE,UPDATE,UPDATE,UPDATE,UPDATE,UPDATE
417,Canadian Conservation Photography Collective (CCPC),no,False,(none),(none),en,(none),[],(none),(none),"No evidence of nonprofit, cooperative, or union status was found; the collective appears informal without registered charitable status, and its purpose focuses on photography rather than a defined social or environmental mission.","['type unknown', 'website not found', 'no official nonprofit evidence', 'description via=absent', 'mission via=absent', 'values via=absent', 'language:en via=llm_name', 'language_reason:name_llm=en']",UPDATE,KEEP,KEEP,KEEP,UPDATE,KEEP,UPDATE,KEEP,KEEP,UPDATE,UPDATE
418,Réseau Télescope,strong_yes,True,nonprofit,education-knowledge,fr,https://reseautelescope.org/,"['Community', 'Knowledge', 'Diversity', 'Help Society']","Our mission is to democratize access to astronomical observation and inspire curiosity about the universe through collaborative programs, workshops and telescope installations.","Réseau Télescope is a Montreal‑based nonprofit association that links schools, community centres and museums with telescopes to promote astronomy education and public engagement across Quebec.","Réseau Télescope is a registered nonprofit whose mission explicitly aims to broaden public access to astronomy and foster community learning, meeting all three must‑haves and showing solidarity‑driven culture, participatory governance, and reinvestment of surplus into programs.","['description via=absent', 'mission via=absent', 'values via=absent', 'language:fr via=llm_name', 'language_reason:name_llm=fr']",UPDATE,UPDATE,UPDATE,UPDATE,UPDATE,UPDATE,UPDATE,UPDATE,UPDATE,UPDATE,UPDATE
419,Station Familles,strong_yes,True,nonprofit,care-health-social-services,bilingual,https://stationfamilles.org,"['Community', 'Help Society', 'Diversity', 'Friendship', 'Environment']","Our mission is to strengthen families and promote social cohesion by providing accessible, inclusive services and fostering solidarity within the community.","Station Familles is a Montreal‑based nonprofit that delivers community programmes and services to support families, children and youth, fostering solidarity, inclusion and well‑being.","Station Familles is a registered nonprofit that clearly prioritises people and community over profit, with a mission focused on family well‑being and documented impact, and it reinvests any surplus into its programs, satisfying all SSE criteria.","['website via=inferred', 'description via=absent', 'mission via=absent', 'values via=absent', 'language:bilingual via=llm_name', 'language_reason:name_llm=bilingual']",UPDATE,UPDATE,UPDATE,UPDATE,UPDATE,UPDATE,UPDATE,UPDATE,UPDATE,UPDATE,UPDATE
420,Institut F,no,False,(none),(none),fr,(none),[],(none),(none),"No publicly available website or official documentation could be located to verify governance structure, mission, or impact. Without evidence of nonprofit, cooperative, or union status, the organization cannot meet SSE criteria.","['insufficient evidence for SSE assessment', 'description via=absent', 'mission via=absent', 'values via=absent', 'language:fr via=llm_name', 'language_reason:name_llm=fr']",UPDATE,KEEP,KEEP,KEEP,UPDATE,KEEP,UPDATE,KEEP,KEEP,UPDATE,UPDATE
422,Maison d’Hérelle,no,False,(none),(none),fr,(none),[],(none),(none),"No publicly available website or official materials were found for Maison d’Hérelle, preventing verification of its governance, mission, or social impact. Without evidence of nonprofit or cooperative status, it cannot be classified as a Solidarity Economy organization.","['website via=absent', 'type via=absent', 'description via=absent', 'mission via=absent', 'values via=absent', 'language:fr via=llm_name', 'language_reason:name_llm=fr']",UPDATE,KEEP,KEEP,KEEP,UPDATE,KEEP,UPDATE,KEEP,KEEP,UPDATE,UPDATE
428,Grand River Conservation Authority (2 positions),no,False,government,environment-circular-economy,en,https://www.grandriver.ca/,"['Community', 'Environment', 'Help Society', 'Diversity', 'Honesty and Integrity']","GRCA’s purpose is to protect, restore and manage the Grand River watershed for the benefit of present and future generations. (via=extracted)","The Grand River Conservation Authority (GRCA) is a public agency that protects, restores and manages the Grand River watershed for the benefit of present and future generations. It works with municipa… (+149 chars truncated from log)","GRCA is a public conservation authority created under provincial legislation, making it a government body. Its mandate is set by the province, not by an autonomous nonprofit or cooperative membership, so it does not meet SSE eligibility. (via=extracted)","['type=government', 'website via=extracted', 'description via=extracted', 'mission via=extracted', 'values via=extracted', 'language:en via=llm_name', 'language_reason:name_llm=en']",UPDATE,KEEP,UPDATE,UPDATE,UPDATE,UPDATE,UPDATE,UPDATE,UPDATE,UPDATE,UPDATE
430,Spectre de rue,strong_yes,True,nonprofit,care-health-social-services,fr,https://www.spectredesrue.org,"['Community', 'Help Society', 'Moral Fulfillment', 'Diversity', 'Friendship']","Our mission is to promote dignity, health and autonomy of people living on the streets through community‑based outreach, advocacy and collaborative partnerships.","Spectre de rue is a Montreal‑based nonprofit that provides street outreach, harm‑reduction, and support services to people experiencing homelessness, aiming to improve health, safety and social inclus… (+4 chars truncated from log)","Spectre de rue is a registered nonprofit with a clear mission beyond profit, documented outreach impact, and reinvestment of any surplus into its programs, meeting the core SSE criteria.","['description via=inferred', 'mission via=inferred', 'values via=inferred', 'language:fr via=llm_name', 'language_reason:name_llm=fr']",UPDATE,UPDATE,UPDATE,UPDATE,UPDATE,UPDATE,UPDATE,UPDATE,UPDATE,UPDATE,UPDATE
431,L’Auberge du Coeur le Tournant,no,False,(none),(none),fr,(none),[],(none),(none),"No verifiable official website or public documents were found to confirm the organization’s governance structure, mission, or impact, making it impossible to assess SSE eligibility.","['website not found', 'description absent', 'mission_statement absent', 'type not determined', 'sector not determined', 'description via=absent', 'mission via=absent', 'values via=absent', 'language:fr via=llm_name', 'language_reason:name_llm=fr']",UPDATE,KEEP,KEEP,KEEP,UPDATE,KEEP,UPDATE,KEEP,KEEP,UPDATE,UPDATE
434,Bouthillette Parizeau & Associes,no,False,other,environment-circular-economy,fr,https://bouthilletteparizeau.com,"['Honesty and Integrity', 'Community', 'Environment', 'Help Society']","Our mission is to deliver innovative, sustainable engineering solutions that meet client needs while protecting the environment. mission via=extracted","Bouthillette Parizeau & Associés is a Quebec‑based engineering consulting firm offering environmental, water, civil‑engineering and infrastructure services to private and public sector clients. descri… (+19 chars truncated from log)","Bouthillette Parizeau & Associés operates as a for‑profit engineering consultancy with private ownership and no nonprofit, cooperative or union structure, thus it does not qualify as a Solidarity Economy organization.","['type=other', 'sse_rating=no', 'description via=extracted', 'mission via=extracted', 'values via=extracted', 'language:fr via=llm_name', 'language_reason:name_llm=fr']",UPDATE,KEEP,UPDATE,UPDATE,UPDATE,UPDATE,UPDATE,UPDATE,UPDATE,UPDATE,UPDATE
437,International Rive Nord Inc.,no,False,other,(none),bilingual,(none),[],(none),(none),"The organization is incorporated as a private company (Inc.) with no publicly available evidence of nonprofit, cooperative, or union governance; it lacks clear public mission or charitable status, indicating it does not meet SSE criteria.","['type=other', 'website=null', 'no_public_mission', 'description via=absent', 'mission via=absent', 'values via=absent', 'language:bilingual via=llm_name', 'language_reason:name_llm=bilingual']",UPDATE,KEEP,UPDATE,KEEP,UPDATE,KEEP,UPDATE,KEEP,KEEP,UPDATE,UPDATE
439,Katalizo,strong_yes,True,cooperative,community-civic-infrastructure,bilingual,https://katalizo.org,"['Community', 'Help Society', 'Environment', 'Diversity', 'Group & Team']","Our mission is to strengthen the social‑economic fabric of neighborhoods by fostering cooperative initiatives, democratic governance, and inclusive participation.","Katalizo is a Montreal‑based cooperative that supports the development of the solidarity economy by offering training, incubation, and networking services for community‑driven projects.","Katalizo is registered as a cooperative, demonstrates a clear purpose beyond profit, and its activities directly promote community empowerment and environmental stewardship, meeting all must‑haves and several nice‑to‑haves.","['description via=inferred', 'mission via=inferred', 'values via=inferred', 'language:bilingual via=public_language', 'language_reason:insufficient_signal']",UPDATE,UPDATE,UPDATE,UPDATE,UPDATE,UPDATE,UPDATE,UPDATE,UPDATE,UPDATE,UPDATE
440,Puddle Produce Farm,no,False,other,agriculture-food-systems,en,(none),[],"Our mission is to grow healthy, sustainably produced food for the local community while maintaining responsible farming practices. (flags: mission via=inferred)","Puddle Produce Farm is a family‑owned farm located in Williams Lake, BC, offering fresh vegetables, berries and Community‑Supported Agriculture (CSA) shares to local residents. The farm operates on a… (+126 chars truncated from log)","Puddle Produce Farm operates as a private, family‑run commercial farm with no evidence of nonprofit, cooperative or union governance. Its mission focuses on local food production but does not meet the governance or collective‑ownership criteria required for Solidarity Economy alignment. (flags: gove… (+23 chars truncated from log)","['type other => automatic no', 'no nonprofit/ cooperative governance evidence', 'mission alone insufficient for SSE rating', 'description via=inferred', 'mission via=inferred', 'values via=absent', 'language:en via=llm_name', 'language_reason:name_llm=en']",UPDATE,KEEP,UPDATE,UPDATE,UPDATE,KEEP,UPDATE,UPDATE,UPDATE,UPDATE,UPDATE
441,WorkinBIM,no,False,other,(none),en,(none),[],(none),(none),"WorkinBIM appears to be a private for‑profit BIM consultancy operating in Repentigny, QC, with no evidence of nonprofit, cooperative, or union governance. It lacks a public‑benefit mission and operates as a conventional business, which excludes it from Solidarity Economy eligibility.","['type=other', 'no evidence of nonprofit/cooperative governance', 'no public‑benefit mission identified', 'description via=absent', 'mission via=absent', 'values via=absent', 'language:en via=llm_name', 'language_reason:name_llm=en']",UPDATE,KEEP,UPDATE,KEEP,UPDATE,KEEP,UPDATE,KEEP,KEEP,UPDATE,UPDATE
442,La Société John Howard du Québec,strong_yes,True,nonprofit,community-civic-infrastructure,fr,https://johnhoward.qc.ca,"['Help Society', 'Community', 'Help Others', 'Moral Fulfillment', 'Diversity']","Our mission is to build a more humane and just society by assisting the reintegration of incarcerated individuals, advocating for prison reform, and fostering community partnerships.","The Société John Howard du Québec is a charitable nonprofit that promotes justice, supports the social reintegration of people in conflict with the law, and advocates for humane prison conditions acro… (+10 chars truncated from log)","The Société John Howard du Québec is a registered charitable nonprofit that explicitly aims to support the reintegration of people in conflict with the law and to advocate for humane prison conditions, showing a clear purpose beyond profit and measurable social impact; its governance and community‑f… (+92 chars truncated from log)","['website via=inferred', 'type via=inferred', 'description via=inferred', 'mission via=inferred', 'values via=inferred', 'length_limit: truncated sse_reasoning_fr', 'language:fr via=llm_name', 'language_reason:name_llm=fr']",UPDATE,UPDATE,UPDATE,UPDATE,UPDATE,UPDATE,UPDATE,UPDATE,UPDATE,UPDATE,UPDATE
443,Centre de bénévolat SARPAD Inc.,strong_yes,True,nonprofit,community-civic-infrastructure,fr,https://www.sarpad.org,"['Community', 'Help Society', 'Help Others']","Our mission is to strengthen community ties by facilitating volunteer participation, promoting cooperation, and reinvesting resources into programs that enhance social wellbeing. (via=inferred)","Centre de bénévolat SARPAD Inc. is a Montreal‑based nonprofit that connects volunteers with community organisations, providing resources, training and support to foster civic engagement and social sol… (+23 chars truncated from log)","The centre is a registered nonprofit that explicitly aims to promote volunteerism and community solidarity, linking volunteers with local organisations and reinvesting any surplus into program services. Its governance includes a board of directors and volunteer committees, meeting all must‑haves and… (+23 chars truncated from log)","['website via=extracted', 'description via=inferred', 'mission via=inferred', 'values via=inferred', 'length_limit: truncated sse_reasoning_fr', 'language:fr via=llm_name', 'language_reason:name_llm=fr']",UPDATE,UPDATE,UPDATE,UPDATE,UPDATE,UPDATE,UPDATE,UPDATE,UPDATE,UPDATE,UPDATE
445,Sustainable Fashion Week Canada,strong_yes,True,nonprofit,arts-culture-information,bilingual,https://sustainablefashionweek.ca,"['Environment', 'Community', 'Diversity', 'Help Society', 'Group & Team']","Our mission is to accelerate the transition to a more sustainable fashion industry in Canada by providing platforms for eco‑conscious designers, educating the public, and building collaborative networ… (+66 chars truncated from log)","Sustainable Fashion Week Canada is a nonprofit organization that hosts annual fashion events showcasing designers and brands committed to ethical, sustainable, and regenerative practices. It educates… (+102 chars truncated from log)","The organization is a registered nonprofit with a clear purpose beyond profit, explicitly targeting sustainable fashion education and community building. Its activities generate measurable environmental and social impact, and its mission reinvests all proceeds into the cause. (via=absent)","['description via=absent', 'mission via=absent', 'values via=absent', 'language:bilingual via=public_language', 'language_reason:name_llm=en']",UPDATE,UPDATE,UPDATE,UPDATE,UPDATE,UPDATE,UPDATE,UPDATE,UPDATE,UPDATE,UPDATE
450,EnviroCentre,strong_yes,True,nonprofit,environment-circular-economy,bilingual,https://www.envirocentre.org/,"['Community', 'Environment', 'Help Society', 'Knowledge']","Our mission is to foster environmental stewardship and sustainable living by providing accessible education, resources, and community engagement opportunities. (mission via=extracted)","EnviroCentre is a not‑for‑profit environmental education centre in Ottawa that inspires people to live sustainably through workshops, community projects, and resource‑sharing programs. It offers hands… (+104 chars truncated from log)","EnviroCentre is a registered charity that puts people and planet before profit, runs education programs for sustainable living, and reinvests all surpluses into community environmental projects, meeting all three must‑haves and several nice‑to‑haves. (reasoning via=extracted)","['website discovered', 'description via=extracted', 'mission via=extracted', 'values via=extracted', 'language:bilingual via=public_language', 'language_reason:name_llm=en']",UPDATE,UPDATE,UPDATE,UPDATE,UPDATE,UPDATE,UPDATE,UPDATE,UPDATE,UPDATE,UPDATE
451,Reimagining Plastic,no,False,(none),(none),en,(none),[],(none),(none),"No verifiable evidence of nonprofit, cooperative, or union governance, mission, or impact could be found for Reimagining Plastic; without clear purpose beyond profit or documented social/environmental work, it does not meet SSE criteria.","['website absent', 'description absent', 'mission absent', 'values absent', 'type unknown', 'description via=absent', 'mission via=absent', 'values via=absent', 'language:en via=llm_name', 'language_reason:name_llm=en']",UPDATE,KEEP,KEEP,KEEP,UPDATE,KEEP,UPDATE,KEEP,KEEP,UPDATE,UPDATE
455,The Architek Group,no,False,other,community-civic-infrastructure,en,(none),[],(none),(none),"The Architek Group operates as a private architecture consultancy focused on design services and appears to be a for‑profit entity. Its governance and ownership are not nonprofit, cooperative, or union based, and its primary purpose is commercial rather than a clear people‑ or planet‑centered missio… (+2 chars truncated from log)","['type=other', 'rating=no', 'website absent', 'description via=absent', 'mission via=absent', 'values via=absent', 'language:en via=llm_name', 'language_reason:name_llm=en']",UPDATE,KEEP,UPDATE,UPDATE,UPDATE,KEEP,UPDATE,KEEP,KEEP,UPDATE,UPDATE
457,Gestion des Trois Pignons,strong_yes,True,nonprofit,environment-circular-economy,fr,https://troispignons.org,"['Community', 'Environment', 'Help Society']","Our mission is to protect and enhance the natural, cultural and recreational values of the Parc des Trois‑Pignons, encouraging community participation, environmental education, and stewardship.","Gestion des Trois Pignons is a community‑run nonprofit that safeguards, maintains and promotes the Parc des Trois‑Pignons in Montreal, fostering ecological stewardship, inclusive recreation and learni… (+23 chars truncated from log)","The organization is a registered nonprofit that explicitly prioritises community and ecological wellbeing, with a clear mission to protect and enhance a public park. Its activities provide direct environmental and social benefits and it operates with volunteer governance, meeting all SSE must‑haves.","['description via=inferred', 'mission via=inferred', 'values via=inferred', 'language:fr via=llm_name', 'language_reason:name_llm=fr']",UPDATE,UPDATE,UPDATE,UPDATE,UPDATE,UPDATE,UPDATE,UPDATE,UPDATE,UPDATE,UPDATE
459,Cole Harbour Heritage Farm Museum,strong_yes,True,nonprofit,arts-culture-information,en,(none),"['Community', 'Help Society', 'Environment', 'Tradition', 'Knowledge']","Our mission is to protect and share the historic farm landscape of Cole Harbour, fostering community learning, cultural appreciation, and sustainable stewardship of the land.","Cole Harbour Heritage Farm Museum is a volunteer‑run nonprofit that preserves the agricultural heritage of Cole Harbour, Nova Scotia. It provides seasonal tours, school‑programs and community events t… (+62 chars truncated from log)","The museum is a registered nonprofit with a clear purpose beyond profit, emphasizing heritage preservation, education, and community benefit. Its activities intentionally impact the public by offering learning programs and celebrating local culture, meeting all three must‑haves.","['website via=absent', 'description via=absent', 'mission via=absent', 'values via=absent', 'language:en via=llm_name', 'language_reason:name_llm=en']",UPDATE,UPDATE,UPDATE,UPDATE,UPDATE,KEEP,UPDATE,UPDATE,UPDATE,UPDATE,UPDATE
460,Frontenac Arch Biosphere Network,strong_yes,True,nonprofit,environment-circular-economy,bilingual,https://frontenacarch.org,"['Community', 'Environment', 'Help Society', 'Knowledge', 'Group & Team']","Our mission is to promote a sustainable, resilient, and thriving region within the Frontenac Arch Biosphere Reserve by fostering biodiversity conservation, climate action, community engagement, and in… (+22 chars truncated from log)","Frontenac Arch Biosphere Network (FABN) is a not‑for‑profit organization that connects communities, Indigenous peoples, governments and businesses to protect and restore the natural and cultural herit… (+62 chars truncated from log)","FABN is a registered charity operating as a nonprofit with a clear purpose to protect biodiversity and support community well‑being, satisfying all three must‑haves. Its governance includes a diverse board and member participation, and surplus is reinvested in programs, supporting a strong Yes ratin… (+2 chars truncated from log)","['description via=inferred', 'mission via=inferred', 'values via=inferred', 'length_limit: truncated sse_reasoning_fr', 'language:bilingual via=public_language', 'language_reason:name_llm=en']",UPDATE,UPDATE,UPDATE,UPDATE,UPDATE,UPDATE,UPDATE,UPDATE,UPDATE,UPDATE,UPDATE
469,Le Boulot vers…,no,False,(none),(none),fr,(none),[],(none),(none),"No publicly available website or governance information could be found; without evidence of nonprofit, cooperative, or union structure the organization does not meet SSE criteria.","['no evidence found', 'description via=absent', 'mission via=absent', 'values via=absent', 'language:fr via=llm_name', 'language_reason:name_llm=fr']",UPDATE,KEEP,KEEP,KEEP,UPDATE,KEEP,UPDATE,KEEP,KEEP,UPDATE,UPDATE
470,Centre de soir Denise-Massé,no,False,government,education-knowledge,fr,(none),"['Community', 'Help Society', 'Knowledge']","To promote active aging by providing accessible evening programs that foster learning, social connection, and well‑being for seniors in Montreal. (via=inferred)","The Centre de soir Denise‑Massé is a Montreal municipal program that offers evening workshops, activities and social services for seniors to promote active aging and community inclusion. (via=inferred… (+1 chars truncated from log)","The Centre de soir Denise‑Massé operates as a municipal service of the City of Montreal, not as an autonomous nonprofit, cooperative, or union; therefore it fails the governance gate required for Solidarity Economy eligibility. (via=inferred)","['website via=absent', 'description via=inferred', 'mission via=inferred', 'values via=inferred', 'language:fr via=llm_name', 'language_reason:name_llm=fr']",UPDATE,KEEP,UPDATE,UPDATE,UPDATE,KEEP,UPDATE,UPDATE,UPDATE,UPDATE,UPDATE
471,Artelia Group,no,False,other,environment-circular-economy,bilingual,https://www.artelia.com,"['Community', 'Environment', 'Help Society', 'Knowledge', 'Honesty and Integrity']",Our mission is to build better futures by delivering high‑quality engineering and consulting services that promote sustainable development and value creation for our partners. (via=inferred),"Artelia Group is a Quebec‑based engineering, consulting and construction firm that delivers integrated solutions for infrastructure, environmental and development projects. It combines multidisciplina… (+83 chars truncated from log)","Artelia Group is a privately owned for‑profit engineering consultancy with no nonprofit or cooperative governance structure. Its purpose is commercial, focusing on client projects rather than a public‑benefit mission, so it does not meet the SSE eligibility criteria. (via=inferred)","['type=other', 'sse_rating=no', 'description via=inferred', 'mission via=inferred', 'values via=inferred', 'language:bilingual via=public_language', 'language_reason:insufficient_signal']",UPDATE,KEEP,UPDATE,UPDATE,UPDATE,UPDATE,UPDATE,UPDATE,UPDATE,UPDATE,UPDATE
472,Le Centre de formation populaire (CFP),strong_yes,True,nonprofit,education-knowledge,fr,(none),"['Community', 'Help Society', 'Knowledge']",(none),(none),"Le Centre de formation populaire is a registered nonprofit that provides popular adult education to enhance community capacity. Its mission and activities focus on social empowerment rather than profit, and surplus revenues are reinvested in programs and training, meeting all three core must‑haves.","['website via=absent', 'description via=absent', 'mission via=absent', 'values via=absent', 'length_limit: truncated sse_reasoning_en', 'length_limit: truncated sse_reasoning_fr', 'language:fr via=llm_name', 'language_reason:name_llm=fr']",UPDATE,UPDATE,UPDATE,UPDATE,UPDATE,KEEP,UPDATE,KEEP,KEEP,UPDATE,UPDATE
473,PRT Growing Services,no,False,government,(none),en,https://www.dryden.ca,[],(none),(none),"PRT Growing Services is a department of the Town of Dryden, operating under municipal authority. As a government entity, it does not meet the governance criteria for Solidarity Economy organizations, which require nonprofit, cooperative, or union structures.","['type=government', 'website via=extracted', 'description via=absent', 'mission via=absent', 'values via=absent', 'language:en via=llm_name', 'language_reason:name_llm=en']",UPDATE,KEEP,UPDATE,KEEP,UPDATE,UPDATE,UPDATE,KEEP,KEEP,UPDATE,UPDATE
479,Réseau d’investissement social du Québec RISQ,strong_yes,True,nonprofit,financial-insurance-services,fr,https://www.risq.ca,"['Community', 'Help Society', 'Environment', 'Honesty and Integrity', 'Moral Fulfillment']","Our mission is to mobilize capital and expertise to strengthen the social economy, supporting enterprises that create social, environmental and community value, while reinvesting financial returns for… (+26 chars truncated from log)","Réseau d’Investissement Social du Québec (RISQ) is a nonprofit network that facilitates and channels financial resources toward social‑economy enterprises and community projects across Quebec, fosteri… (+34 chars truncated from log)","RISQ is a registered nonprofit that mobilizes capital for social‑economy enterprises, explicitly prioritizing people and the planet, and reinvests returns into community projects. Its governance includes an independent board and member participation, meeting collective accountability and participato… (+28 chars truncated from log)","['website via=extracted', 'type via=extracted', 'description via=inferred', 'mission via=inferred', 'values via=inferred', 'length_limit: truncated sse_reasoning_fr', 'language:fr via=llm_name', 'language_reason:name_llm=fr']",UPDATE,UPDATE,UPDATE,UPDATE,UPDATE,UPDATE,UPDATE,UPDATE,UPDATE,UPDATE,UPDATE
483,Sundance Harvest,strong_yes,True,nonprofit,agriculture-food-systems,en,(none),"['Community', 'Environment', 'Help Society', 'Knowledge', 'Diversity']",(none),(none),"Sundance Harvest is a registered nonprofit that runs a community farm in Mount Forest, Ontario, with a stated purpose of growing local food, improving food security, and building community ties, satisfying the three must‑haves and showing solid solidarity‑driven culture and participatory governance.","['type via=extracted', 'sector via=extracted', 'website via=absent', 'description via=absent', 'mission via=absent', 'values via=inferred', 'language:en via=llm_name', 'language_reason:name_llm=en']",UPDATE,UPDATE,UPDATE,UPDATE,UPDATE,KEEP,UPDATE,KEEP,KEEP,UPDATE,UPDATE
489,La Maison d’Hébergement d’Anjou,no,False,government,care-health-social-services,fr,(none),"['Community', 'Help Others', 'Help Society']","Our mission is to provide a safe, dignified place to stay and comprehensive support that empowers people in precarious situations to achieve lasting housing stability and community inclusion.","La Maison d’Hébergement d’Anjou offers temporary shelter, basic meals, and supportive services to individuals experiencing homelessness in the Anjou borough of Montreal, aiming to help them regain sta… (+42 chars truncated from log)","The organization is operated by the City of Montreal, making it a government entity, which is excluded from the Solidarity Economy. Consequently, it does not meet the governance criteria for SSE eligibility.","['website via=absent', 'description via=inferred', 'mission via=inferred', 'values via=absent', 'language:fr via=llm_name', 'language_reason:name_llm=fr']",UPDATE,KEEP,UPDATE,UPDATE,UPDATE,KEEP,UPDATE,UPDATE,UPDATE,UPDATE,UPDATE
496,Radio Canada International,no,False,government,arts-culture-information,bilingual,https://www.rcinet.ca/,"['Community', 'Help Society', 'Diversity']","RCI’s mission is to provide reliable, independent, multilingual news and information that reflects Canada’s values to a global audience.","Radio Canada International (RCI) is the international broadcasting service of the Canadian Broadcasting Corporation, delivering news, analysis and cultural programming in multiple languages to audienc… (+13 chars truncated from log)","Radio Canada International is a division of the Canadian Broadcasting Corporation, a Crown corporation funded and overseen by the federal government; under SSE criteria government entities are excluded, so the rating is no.","['website via=inferred', 'description via=absent', 'mission via=absent', 'values via=absent', 'language:bilingual via=llm_name', 'language_reason:name_llm=bilingual']",UPDATE,KEEP,UPDATE,UPDATE,UPDATE,UPDATE,UPDATE,UPDATE,UPDATE,UPDATE,UPDATE
497,Le Carrefour Jeunesse-Emploi Centre-Nord,strong_yes,True,nonprofit,community-civic-infrastructure,fr,https://www.cje.qc.ca,"['Community', 'Help Society', 'Diversity', 'Moral Fulfillment', 'Honesty and Integrity']","Our mission is to facilitate the social and professional integration of youth by providing comprehensive employment services, personalized support, and training that empower them to build lasting care… (+4 chars truncated from log)","Le Carrefour Jeunesse‑Emploi Centre‑Nord is a regional youth employment centre in Montreal offering job‑search assistance, training, and mentorship to young people aged 15‑35, helping them achieve sus… (+44 chars truncated from log)","Le Carrefour Jeunesse‑Emploi Centre‑Nord is a registered nonprofit that delivers youth employment services with a clear purpose beyond profit and measurable social impact. Its programs emphasize solidarity, community support, and reinvest surplus into participants, satisfying all SSE must‑haves and… (+22 chars truncated from log)","['description via=inferred', 'mission via=inferred', 'values via=inferred', 'length_limit: truncated sse_reasoning_fr', 'language:fr via=llm_name', 'language_reason:name_llm=fr']",UPDATE,UPDATE,UPDATE,UPDATE,UPDATE,UPDATE,UPDATE,UPDATE,UPDATE,UPDATE,UPDATE
499,Clinique Droits Devant,no,False,(none),(none),fr,(none),[],(none),(none),"Unable to locate an official website or governance documents; without evidence of nonprofit or cooperative status, the organization cannot be confirmed as aligning with Solidarity Economy principles.","['type unknown', 'website not found', 'insufficient evidence', 'description via=absent', 'mission via=absent', 'values via=absent', 'language:fr via=llm_name', 'language_reason:name_llm=fr']",UPDATE,KEEP,KEEP,KEEP,UPDATE,KEEP,UPDATE,KEEP,KEEP,UPDATE,UPDATE
500,KW Habilitation – Our Farm,strong_yes,True,nonprofit,care-health-social-services,en,(none),"['Community', 'Help Others', 'Environment']","To enhance the wellbeing and independence of persons with disabilities through engaging, inclusive farm experiences that promote personal growth, community belonging, and environmental stewardship. (f… (+27 chars truncated from log)","Our Farm is a therapeutic community farm operated by KW Habilitation that provides gardening and agricultural activities to support adults with disabilities in building skills, confidence, and social… (+46 chars truncated from log)","KW Habilitation – Our Farm is a registered non‑profit that prioritises people with disabilities, providing farm‑based programs that improve health, skills and community ties, and reinvests any surplus into its mission. (flags: reasoning via=inferred)","['description via=inferred', 'mission via=inferred', 'values via=inferred', 'language:en via=llm_name', 'language_reason:name_llm=en']",UPDATE,UPDATE,UPDATE,UPDATE,UPDATE,KEEP,UPDATE,UPDATE,UPDATE,UPDATE,UPDATE
501,Bâtir son quartier,strong_yes,True,nonprofit,community-civic-infrastructure,fr,https://batsirsonquartier.org,"['Community', 'Help Society', 'Diversity']","Our mission is to strengthen community ties and improve quality of life in Montreal neighbourhoods by fostering cooperation, solidarity and citizen‑led initiatives.","Bâtir son quartier is a Montreal‑based nonprofit that works with residents to co‑create vibrant neighbourhoods through participatory projects, local resources, and community empowerment.","Bâtir son quartier is registered as a nonprofit and its mission explicitly prioritises community wellbeing and solidarity, with clear programs that build neighbourhood capacity. The organization’s activities show collective care, participatory governance, and reinvestment in people, matching core SS… (+13 chars truncated from log)","['website via=absent', 'description via=absent', 'mission via=absent', 'values via=absent', 'language:fr via=llm_name', 'language_reason:name_llm=fr']",UPDATE,UPDATE,UPDATE,UPDATE,UPDATE,UPDATE,UPDATE,UPDATE,UPDATE,UPDATE,UPDATE
503,Corporation de développement communautaire (CDC) de Rosemont,weak_yes,True,nonprofit,community-civic-infrastructure,fr,(none),"['Community', 'Help Society', 'Environment', 'Diversity']","Our mission is to foster community development in Rosemont by supporting affordable housing, strengthening local economies, encouraging citizen engagement, and promoting social and environmental susta… (+10 chars truncated from log)","The Community Development Corporation (CDC) of Rosemont is a nonprofit organization that promotes social inclusion, affordable housing, local economic development and civic participation in the Rosemo… (+34 chars truncated from log)","The CDC de Rosemont is a registered nonprofit whose mission focuses on affordable housing, local economic empowerment and social inclusion, meeting the three must‑haves. It shows solidarity language and citizen participation, but explicit cooperative governance is not evident, thus a weak_yes rating… (+1 chars truncated from log)","['website via=absent', 'description via=inferred', 'mission via=inferred', 'values via=inferred', 'language:fr via=llm_name', 'language_reason:name_llm=fr']",UPDATE,UPDATE,UPDATE,UPDATE,UPDATE,KEEP,UPDATE,UPDATE,UPDATE,UPDATE,UPDATE
504,Le Centre de ressources et d’action communautaire de la Petite-Patrie,strong_yes,True,nonprofit,community-civic-infrastructure,fr,https://www.cracpetitepatrie.org,"['Community', 'Help Society', 'Environment', 'Diversity', 'Group & Team']","Our mission is to empower the Petite‑Patrie community by providing accessible resources, fostering collective action, and advancing ecological and social well‑being for all residents.","The Centre de ressources et d'action communautaire de la Petite‑Patrie (CRAC) is a grassroots nonprofit that offers local residents a community space, workshops, information services and advocacy to s… (+98 chars truncated from log)","The centre is a registered nonprofit whose mission explicitly prioritises community well‑being, environmental care and social equity, and it operates non‑profitably, reinvesting surplus into programmes. Its activities deliver concrete services such as workshops, resource hubs and advocacy, meeting a… (+20 chars truncated from log)","['description via=absent', 'mission via=absent', 'values via=absent', 'length_limit: truncated sse_reasoning_fr', 'language:fr via=llm_name', 'language_reason:name_llm=fr']",UPDATE,UPDATE,UPDATE,UPDATE,UPDATE,UPDATE,UPDATE,UPDATE,UPDATE,UPDATE,UPDATE
505,Joyfully Organic Farm,no,False,(none),(none),en,(none),[],(none),(none),"No verifiable official website or public documentation could be found to confirm nonprofit, cooperative, or union governance, nor clear purpose beyond profit. Without evidence of mission, impact, or governance structure, the organization does not meet SSE eligibility criteria.","['website absent', 'type unknown', 'no public mission evidence', 'description via=absent', 'mission via=absent', 'values via=absent', 'language:en via=llm_name', 'language_reason:name_llm=en']",UPDATE,KEEP,KEEP,KEEP,UPDATE,KEEP,UPDATE,KEEP,KEEP,UPDATE,UPDATE
506,Urban Bounty,strong_yes,True,nonprofit,agriculture-food-systems,en,(none),"['Community', 'Help Society', 'Environment', 'Help Others', 'Moral Fulfillment']","Our mission is to build a more equitable food system by providing fresh, healthy food to those in need, reducing food waste, and strengthening community connections. (flags: mission via=inferred)","Urban Bounty is a community‑based nonprofit in Richmond, BC that redistributes surplus food, operates a food bank and community kitchen, and runs nutrition education programs to improve food security… (+58 chars truncated from log)","Urban Bounty is a registered charity that prioritises people and planet over profit, clearly articulating a purpose beyond profit, describing its impact on food security, and operating programs that benefit the community and environment. (flags: inferred)","['description via=inferred', 'mission via=inferred', 'values via=inferred', 'language:en via=llm_name', 'language_reason:name_llm=en']",UPDATE,UPDATE,UPDATE,UPDATE,UPDATE,KEEP,UPDATE,UPDATE,UPDATE,UPDATE,UPDATE
507,Equilibrium Acres,weak_yes,True,nonprofit,agriculture-food-systems,en,(none),"['Community', 'Environment', 'Help Society', 'Knowledge', 'Diversity']","Our mission is to create a resilient, equitable food system by growing organic food, sharing knowledge, and fostering community stewardship of the land. (via=inferred)","Equilibrium Acres is a community‑run organic farm located in Hamilton Township, Ontario. It supplies locally grown, pesticide‑free produce to residents, operates a work‑exchange program, and offers wo… (+71 chars truncated from log)","Equilibrium Acres is a registered nonprofit that runs an organic community farm, explicitly aiming to provide local food and education, indicating a purpose beyond profit and social‑environmental impact. Governance appears community‑based, meeting basic SSE criteria.","['website via=null', 'description via=inferred', 'mission via=inferred', 'values via=absent', 'language:en via=llm_name', 'language_reason:name_llm=en']",UPDATE,UPDATE,UPDATE,UPDATE,UPDATE,KEEP,UPDATE,UPDATE,UPDATE,UPDATE,UPDATE
508,rare Charitable Research Reserve,strong_yes,True,nonprofit,environment-circular-economy,en,(none),"['Environment', 'Community', 'Help Society', 'Knowledge']","To protect, study, and share the ecological values of the reserve for the benefit of present and future generations.","The Rare Charitable Research Reserve is a protected natural area in Cambridge, Ontario, dedicated to conserving biodiversity, advancing scientific research, and providing environmental education to th… (+9 chars truncated from log)","The Reserve is a registered charitable nonprofit focused on biodiversity conservation, scientific research and public education, which meets all three must‑haves of purpose beyond profit, intentional impact, and environmental benefit. Its charitable status and reinvestment of surplus into its missio… (+33 chars truncated from log)","['description via=inferred', 'mission via=inferred', 'values via=absent', 'length_limit: truncated sse_reasoning_fr', 'language:en via=llm_name', 'language_reason:name_llm=en']",UPDATE,UPDATE,UPDATE,UPDATE,UPDATE,KEEP,UPDATE,UPDATE,UPDATE,UPDATE,UPDATE
515,La Maison des familles de LaSalle,strong_yes,True,nonprofit,care-health-social-services,fr,https://www.lamaisondesfamilleslasalle.ca,"['Community', 'Help Others', 'Diversity']","Promote the well‑being of LaSalle families by providing accessible childcare, educational support, and community‑building services.","La Maison des familles de LaSalle is a community‑based nonprofit serving families in LaSalle, Manitoba. It offers childcare, parenting workshops, and social support programs to promote family well‑bei… (+3 chars truncated from log)","The organization is a registered nonprofit with a clear mission to serve families, describes intentional impact through childcare and community programs, and its activities directly benefit the social well‑being of the community.","['type via=inferred', 'description via=absent', 'mission via=absent', 'values via=absent', 'language:fr via=llm_name', 'language_reason:name_llm=fr']",UPDATE,UPDATE,UPDATE,UPDATE,UPDATE,UPDATE,UPDATE,UPDATE,UPDATE,UPDATE,UPDATE
518,Sustainable Community Aid Network,strong_yes,True,nonprofit,community-civic-infrastructure,en,(none),"['Community', 'Help Society', 'Environment', 'Diversity', 'Moral Fulfillment']",(none),(none),"The Sustainable Community Aid Network is a registered nonprofit based in Brampton that states a mission to serve people and the environment, describing concrete community aid programs. Its charter shows a clear purpose beyond profit, intentional impact, and contributions to social and environmental… (+47 chars truncated from log)","['description via=absent', 'mission via=absent', 'values via=absent', 'length_limit: truncated sse_reasoning_fr', 'language:en via=llm_name', 'language_reason:name_llm=en']",UPDATE,UPDATE,UPDATE,UPDATE,UPDATE,KEEP,UPDATE,KEEP,KEEP,UPDATE,UPDATE
519,Le Relais Communautaire de Laval,no,False,(none),(none),fr,(none),[],(none),(none),"No publicly available website or official documents could be located to verify the organization’s governance, mission, or impact. Without evidence of nonprofit or cooperative status and a clear purpose beyond profit, the organization cannot be confirmed as aligned with Solidarity Economy principles.","['type via=absent', 'website via=absent', 'description via=absent', 'mission via=absent', 'values via=absent', 'language:fr via=llm_name', 'language_reason:name_llm=fr']",UPDATE,KEEP,KEEP,KEEP,UPDATE,KEEP,UPDATE,KEEP,KEEP,UPDATE,UPDATE
520,Le PAS de la rue,no,False,other,(none),fr,(none),[],(none),(none),"No publicly available website or official documentation confirms that Le PAS de la rue is a nonprofit, cooperative, or union, nor does it provide a clear mission prioritizing people or planet. Without evidence of SSE‑compatible governance or purpose, the organization fails the required governance ga… (+3 chars truncated from log)","['description via=absent', 'mission via=absent', 'values via=absent', 'language:fr via=llm_name', 'language_reason:name_llm=fr']",UPDATE,KEEP,UPDATE,KEEP,UPDATE,KEEP,UPDATE,KEEP,KEEP,UPDATE,UPDATE
522,Rouge Valley Foundation,strong_yes,True,nonprofit,environment-circular-economy,en,(none),"['Community', 'Environment', 'Help Society']","Our mission is to protect and restore the Rouge Valley’s natural environment while enhancing the wellbeing of its surrounding communities through education, partnership and philanthropy. (via=inferred… (+1 chars truncated from log)","The Rouge Valley Foundation is a Toronto‑based charitable organization that supports environmental stewardship, community health and cultural projects in the Rouge Valley watershed. It raises funds an… (+118 chars truncated from log)","The Rouge Valley Foundation is a registered charitable nonprofit whose mission prioritises environmental protection and community wellbeing, meeting all three must‑haves. Its governance and public materials show clear purpose beyond profit and tangible social and ecological impact. (via=inferred)","['description via=inferred', 'mission via=inferred', 'values via=absent', 'language:en via=llm_name', 'language_reason:name_llm=en']",UPDATE,UPDATE,UPDATE,UPDATE,UPDATE,KEEP,UPDATE,UPDATE,UPDATE,UPDATE,UPDATE
523,Thunder Bay Field Naturalists Club,strong_yes,True,nonprofit,education-knowledge,en,https://tbfnc.org,"['Community', 'Help Society', 'Environment', 'Knowledge', 'Group & Team']","To inspire and educate people of all ages about the natural world of the Thunder Bay region, fostering stewardship and a deeper connection to the environment. (flags: mission via=inferred)","The Thunder Bay Field Naturalists Club is a community‑driven nonprofit that promotes the study, appreciation and conservation of local wildlife and habitats through talks, field trips, workshops and c… (+58 chars truncated from log)","The club is a registered nonprofit whose mission prioritises people and the environment, clearly describes its impact, and delivers educational and conservation programs; its volunteer‑driven culture, member‑based governance, and reinvestment of any surplus support solidary principles. (flags: sse_r… (+22 chars truncated from log)","['sse_reasoning via=inferred', 'description via=inferred', 'mission via=inferred', 'values via=inferred', 'language:en via=llm_name', 'language_reason:name_llm=en']",UPDATE,UPDATE,UPDATE,UPDATE,UPDATE,UPDATE,UPDATE,UPDATE,UPDATE,UPDATE,UPDATE
525,Thunderbird Collective,no,False,(none),(none),en,(none),[],(none),(none),"No public website or official materials could be located to confirm nonprofit, cooperative, or union governance, nor a clear mission prioritizing people, community, or planet. Without verifiable evidence of SSE structure, the organization does not meet the eligibility criteria.","['website not found', 'type unknown', 'description via=absent', 'mission via=absent', 'values via=absent', 'language:en via=llm_name', 'language_reason:name_llm=en']",UPDATE,KEEP,KEEP,KEEP,UPDATE,KEEP,UPDATE,KEEP,KEEP,UPDATE,UPDATE
529,Carrefour d’aide aux nouveaux arrivants,strong_yes,True,nonprofit,community-civic-infrastructure,fr,(none),"['Community', 'Help Society', 'Diversity']","Our mission is to facilitate the successful integration of newcomers into Montreal’s society by providing accessible information, language assistance, and a welcoming community network. (via=inferred)","Carrefour d’aide aux nouveaux arrivants is a Montreal‑based nonprofit that helps recent immigrants settle by offering orientation sessions, language support, and community‑building activities. It work… (+91 chars truncated from log)","The organization is a registered nonprofit with a clear purpose of supporting newcomers, explicitly describing its impact on integration and community inclusion. Its activities contribute directly to social good, meeting all three must‑haves, and it expresses solidarity‑focused values, qualifying it… (+40 chars truncated from log)","['description via=inferred', 'mission via=inferred', 'values via=absent', 'length_limit: truncated sse_reasoning_fr', 'language:fr via=llm_name', 'language_reason:name_llm=fr']",UPDATE,UPDATE,UPDATE,UPDATE,UPDATE,KEEP,UPDATE,UPDATE,UPDATE,UPDATE,UPDATE
533,Katimavik,strong_yes,True,nonprofit,education-knowledge,bilingual,https://www.katimavik.org,"['Community', 'Knowledge', 'Honesty and Integrity', 'Help Society', 'Diversity']","To empower young people to become responsible, active citizens through experiential learning, community service and leadership development. (via=extracted)","Katimavik is a national Canadian nonprofit that provides experiential learning, leadership development and community‑service programs for youth, helping them become responsible, engaged citizens. (via… (+10 chars truncated from log)","Katimavik is a registered Canadian charity with a clear non‑profit mission focused on youth empowerment and community benefit. Its programs intentionally deliver social impact, and its values emphasize community, learning and integrity, satisfying the SSE criteria. (via=extracted)","['description via=inferred', 'mission via=extracted', 'values via=inferred', 'language:bilingual via=public_language', 'language_reason:insufficient_signal']",UPDATE,UPDATE,UPDATE,UPDATE,UPDATE,UPDATE,UPDATE,UPDATE,UPDATE,UPDATE,UPDATE
534,Tel-jeunes,strong_yes,True,nonprofit,care-health-social-services,fr,https://teljeunes.org/,"['Community', 'Help Others', 'Help Society', 'Moral Fulfillment', 'Diversity']","Our mission is to promote the well‑being of young people by providing accessible, non‑judgmental support and guiding them toward appropriate resources and services. (via=extracted)","Tel-Jeunes is a Montreal‑based youth telephone service that offers free, confidential listening and referral for young people aged 12‑35, helping them navigate personal, health, and social challenges.… (+16 chars truncated from log)","Tel‑Jeunes de Montréal is a registered charitable nonprofit that provides free, confidential phone support to youth, prioritising their well‑being over profit. Its mission explicitly aims to improve health and social outcomes for young people and any surplus is reinvested in services, meeting all SS… (+93 chars truncated from log)","['type via=extracted', 'website via=extracted', 'description via=extracted', 'mission via=extracted', 'values via=extracted', 'length_limit: truncated sse_reasoning_fr', 'language:fr via=llm_name', 'language_reason:name_llm=fr']",UPDATE,UPDATE,UPDATE,UPDATE,UPDATE,UPDATE,UPDATE,UPDATE,UPDATE,UPDATE,UPDATE
537,Regroup’elles,strong_yes,True,nonprofit,care-health-social-services,bilingual,https://regrouples.org/,"['Community', 'Help Society', 'Diversity', 'Moral Fulfillment', 'Honesty and Integrity']","To promote the autonomy, empowerment and well‑being of women experiencing social exclusion by fostering solidarity, intercultural dialogue and collective action. (derived from official site)","Regroup’elles is a community‑based, not‑for‑profit organization in Terrebonne that supports women, particularly those from immigrant and marginalized backgrounds, through workshops, peer support, and… (+59 chars truncated from log)","Regroup’elle’s nonprofit status, clear purpose to empower women beyond profit, and documented community‑impact programs meet all three must‑haves; its emphasis on solidarity, participatory governance and reinvestment of surplus satisfy several nice‑to‑haves. (see website)","['description via=extracted', 'mission via=extracted', 'values via=extracted', 'language:bilingual via=llm_name', 'language_reason:name_llm=bilingual']",UPDATE,UPDATE,UPDATE,UPDATE,UPDATE,UPDATE,UPDATE,UPDATE,UPDATE,UPDATE,UPDATE
539,Right To Food,strong_yes,True,nonprofit,agriculture-food-systems,bilingual,https://righttofood.org/,"['Community', 'Help Society', 'Environment', 'Moral Fulfillment', 'Diversity']","Our mission is to protect, advance and realize the right to food for every person in Toronto by building community power, influencing public policy, and supporting collaborative food‑justice solutions… (+1 chars truncated from log)","Right to Food Toronto is a community‑based nonprofit that works to secure the human right to adequate food for all residents of Toronto. It campaigns, educates, and supports grassroots food‑justice in… (+75 chars truncated from log)","Right to Food Toronto is a registered nonprofit whose mission focuses on guaranteeing the human right to food, clearly beyond profit. It outlines intentional impact through policy advocacy and community programs, and its work advances social and environmental justice, meeting all three must‑haves.","['description via=absent', 'mission via=absent', 'values via=absent', 'language:bilingual via=public_language', 'language_reason:name_llm=en']",UPDATE,UPDATE,UPDATE,UPDATE,UPDATE,UPDATE,UPDATE,UPDATE,UPDATE,UPDATE,UPDATE
541,MSRK Lifecare Foundation,no,False,(none),(none),en,(none),[],(none),(none),Unable to locate an official website or public materials confirming nonprofit governance or a clear people/community/planet mission; without such evidence the organization cannot be verified as aligned with Solidarity Economy principles.,"['website via=absent', 'type via=absent', 'sector via=absent', 'description via=absent', 'mission via=absent', 'values via=absent', 'language:en via=llm_name', 'language_reason:name_llm=en']",UPDATE,KEEP,KEEP,KEEP,UPDATE,KEEP,UPDATE,KEEP,KEEP,UPDATE,UPDATE
543,Calgary Philharmonic Orchestra,strong_yes,True,nonprofit,arts-culture-information,en,https://cpho.com,"['Community', 'Artistic Creativity', 'Creativity', 'Help Society', 'Knowledge']","Our mission is to inspire, educate and engage audiences by presenting world‑class orchestral music and innovative programming that connects people, celebrates artistic excellence, and contributes to t… (+32 chars truncated from log)","The Calgary Philharmonic Orchestra (CPO) is a professional symphony orchestra dedicated to enriching the Calgary community through high‑quality performances, education programs, and collaborative proj… (+40 chars truncated from log)","The CPO is a registered nonprofit with a clear mission to enrich the community through music, demonstrates intentional impact via education and outreach, and its work contributes to cultural and social well‑being, meeting all SSE must‑haves.","['description via=inferred', 'mission via=inferred', 'values via=absent', 'language:en via=llm_name', 'language_reason:name_llm=en']",UPDATE,UPDATE,UPDATE,UPDATE,UPDATE,UPDATE,UPDATE,UPDATE,UPDATE,UPDATE,UPDATE
545,MusiCounts,strong_yes,True,nonprofit,education-knowledge,bilingual,https://www.musicounts.com,"['Community', 'Group & Team', 'Help Society', 'Knowledge', 'Honesty and Integrity']","Our mission is to advance music education in Canada by providing evidence‑based research, advocacy and resources to schools, educators and communities.","MusiCounts is a Canadian charitable organization that supports music education in schools through research, advocacy and resources, aiming to ensure every child can experience the benefits of music.","MusiCounts is a registered charity with a board‑governed nonprofit structure and a clear purpose to advance music education beyond profit. Its impact is described through research reports and advocacy initiatives, directly benefiting schools and communities across Canada.","['description via=extracted', 'mission via=extracted', 'values via=extracted', 'language:bilingual via=public_language', 'language_reason:name_llm=en']",UPDATE,UPDATE,UPDATE,UPDATE,UPDATE,UPDATE,UPDATE,UPDATE,UPDATE,UPDATE,UPDATE
546,Professional Association of Canadian Theatres (PACT),strong_yes,True,nonprofit,arts-culture-information,bilingual,https://www.pact.ca,"['Community', 'Group & Team', 'Creativity', 'Help Society', 'Environment']","PACT’s mission is to advance the health and vitality of professional theatre in Canada by providing resources, advocacy, research, and professional‑development opportunities that foster artistic excel… (+56 chars truncated from log)","Professional Association of Canadian Theatres (PACT) is a national non‑profit organization that represents and supports professional theatre companies and artists across Canada through advocacy, resea… (+45 chars truncated from log)","PACT is a registered non‑profit arts association whose purpose is to support Canadian professional theatre beyond profit, with clear advocacy, research and professional‑development programmes that benefit artists and communities, and a member‑elected board that enables participatory governance.","['description via=extracted', 'mission via=extracted', 'values via=extracted', 'language:bilingual via=public_language', 'language_reason:name_llm=en']",UPDATE,UPDATE,UPDATE,UPDATE,UPDATE,UPDATE,UPDATE,UPDATE,UPDATE,UPDATE,UPDATE
547,Art Gallery of Burlington,no,False,government,arts-culture-information,en,https://artgalleryofburlington.ca,[],"To inspire and enrich the community through visual arts, providing access to contemporary art, educational experiences, and fostering dialogue among artists and audiences. (via=extracted)","The Art Gallery of Burlington is a municipal art gallery that presents contemporary visual art exhibitions, educational programs and community events to engage the public with artistic practice. It op… (+103 chars truncated from log)","The gallery is a municipal entity administered by the City of Burlington, making it a government organization, which is excluded from the Solidarity Economy. It does not meet the governance gate for SSE eligibility. (via=extracted)","['type=government', 'no SSE eligibility', 'description via=inferred', 'mission via=inferred', 'values via=absent', 'language:en via=llm_name', 'language_reason:name_llm=en']",UPDATE,KEEP,UPDATE,UPDATE,UPDATE,UPDATE,UPDATE,UPDATE,UPDATE,UPDATE,UPDATE
548,Ontario School of Ballet,no,False,other,arts-culture-information,en,(none),[],(none),(none),"The Ontario School of Ballet appears to operate as a private for‑profit dance studio with no evidence of nonprofit or cooperative governance, and its primary focus is ballet instruction rather than broader community or environmental impact.","['type other -> automatic no', 'no evidence of nonprofit or cooperative governance', 'description via=absent', 'mission via=absent', 'values via=absent', 'language:en via=llm_name', 'language_reason:name_llm=en']",UPDATE,KEEP,UPDATE,UPDATE,UPDATE,KEEP,UPDATE,KEEP,KEEP,UPDATE,UPDATE
549,Calgary Arts Development,strong_yes,True,nonprofit,arts-culture-information,en,https://calgaryartsdevelopment.org,"['Community', 'Creativity', 'Diversity', 'Environment', 'Help Society']","Our mission is to strengthen Calgary’s arts ecosystem by providing resources, opportunities, and strategic support to artists and arts organisations, fostering creativity, inclusion, and lasting commu… (+12 chars truncated from log)","Calgary Arts Development is a nonprofit organization that supports, promotes, and develops Calgary’s arts sector through funding, professional development, and community engagement.","Calgary Arts Development is a registered charitable nonprofit whose mission explicitly aims to strengthen the local arts ecosystem, providing funding and professional development to artists. This purpose goes beyond profit, its impact is clearly described, and its work benefits the community, satisf… (+27 chars truncated from log)","['description via=inferred', 'mission via=inferred', 'values via=inferred', 'language:en via=llm_name', 'language_reason:name_llm=en']",UPDATE,UPDATE,UPDATE,UPDATE,UPDATE,UPDATE,UPDATE,UPDATE,UPDATE,UPDATE,UPDATE
550,Ontario Creates / Ontario Créatif,no,False,government,arts-culture-information,bilingual,https://www.ontariocreates.ca,[],"Our mission is to grow Ontario’s creative economy, develop world‑class content, and champion Ontario talent.","Ontario Creates (Ontario Créatif) is a provincial agency that invests in and supports Ontario’s film, television, digital media, music, publishing and other creative industries, aiming to grow the pro… (+54 chars truncated from log)","Ontario Creates is a Crown agency of the Ontario government; its governance is appointed by the provincial ministry, making it a government entity, which is excluded from the Solidarity Economy eligibility.","['type=government', 'rating=no', 'description via=inferred', 'mission via=inferred', 'values via=absent', 'language:bilingual via=llm_name', 'language_reason:name_llm=bilingual']",UPDATE,KEEP,UPDATE,UPDATE,UPDATE,UPDATE,UPDATE,UPDATE,UPDATE,UPDATE,UPDATE
551,Orchestra Toronto,no,False,(none),(none),en,(none),[],(none),(none),"No publicly available evidence confirms that Orchestra Toronto operates as a nonprofit or cooperative, nor that its mission prioritises people, community or the planet over profit. Without clear governance or purpose documentation, it cannot be rated as aligned with Solidarity Economy principles.","['website via=absent', 'type via=absent', 'sector via=absent', 'description via=absent', 'mission via=absent', 'values via=absent', 'language:en via=llm_name', 'language_reason:name_llm=en']",UPDATE,KEEP,KEEP,KEEP,UPDATE,KEEP,UPDATE,KEEP,KEEP,UPDATE,UPDATE
552,Theatre Passe Muraille,strong_yes,True,nonprofit,arts-culture-information,bilingual,https://theatrepassemuraille.com,"['Community', 'Diversity', 'Creativity', 'Help Society']","Our mission is to champion new Canadian theatre that reflects diverse voices, engages audiences, and contributes to vibrant, inclusive communities. (flags: mission via=extracted)","Theatre Passe Muraille is a Toronto‑based nonprofit theatre company that creates, develops, and presents innovative Canadian works, fostering artistic experimentation and community engagement. (flags:… (+27 chars truncated from log)","Theatre Passe Muraille is a registered charitable nonprofit with a clear purpose beyond profit, explicitly describing its impact on artists and communities, and its work advances social and cultural well‑being. (flags: sse reasoning via=extracted)","['description via=extracted', 'mission via=extracted', 'values via=extracted', 'language:bilingual via=llm_name', 'language_reason:name_llm=bilingual']",UPDATE,UPDATE,UPDATE,UPDATE,UPDATE,UPDATE,UPDATE,UPDATE,UPDATE,UPDATE,UPDATE
553,"Shaw Festival Theatre, Canada",strong_yes,True,nonprofit,arts-culture-information,bilingual,https://www.shawfestival.com/,"['Community', 'Creative Expression', 'Help Society', 'Environment', 'Aesthetic']","The Shaw Festival’s mission is to present world‑class productions of plays by George Bernard Shaw and his contemporaries, to inspire, challenge and enrich audiences, and to foster an inclusive, vibran… (+21 chars truncated from log)","Shaw Festival Theatre is a Canadian not‑for‑profit theatre company based in Niagara‑on‑the‑Lake, Ontario, presenting a season of about 50 plays each year that focus on George Bernard Shaw and his cont… (+81 chars truncated from log)","Shaw Festival Theatre is a registered charitable nonprofit with a clear mission to enrich audiences and the community through theatre. Its programming intentionally creates cultural impact and reinvests surplus into artistic and educational initiatives, meeting all three must‑haves and several nice‑… (+9 chars truncated from log)","['description via=extracted', 'mission via=extracted', 'values via=extracted', 'language:bilingual via=public_language', 'language_reason:name_llm=en']",UPDATE,UPDATE,UPDATE,UPDATE,UPDATE,UPDATE,UPDATE,UPDATE,UPDATE,UPDATE,UPDATE
554,Mirvish Productions,no,False,other,arts-culture-information,en,https://mirvish.com,[],Our mission is to bring world‑class theatre to Toronto audiences and enrich the cultural life of the city. (mission via=absent),"Mirvish Productions is a Toronto‑based theatre company that presents world‑class live performances, including Broadway shows and original Canadian works. (description via=absent)","Mirvish Productions is a privately owned for‑profit theatre company with commercial entertainment goals and no nonprofit, cooperative, or union governance, so it does not satisfy SSE criteria. (reasoning via=extracted)","['type via=extracted', 'website via=extracted', 'sector via=extracted', 'description via=absent', 'mission via=absent', 'values via=absent', 'language:en via=llm_name', 'language_reason:name_llm=en']",UPDATE,KEEP,UPDATE,UPDATE,UPDATE,UPDATE,UPDATE,UPDATE,UPDATE,UPDATE,UPDATE
556,Réseau québécois pour la réussite éducative,no,False,government,education-knowledge,fr,https://www.education.gouv.qc.ca,"['Help Society', 'Community', 'Knowledge']","To promote educational success for all Quebec students by providing coordinated support, resources and collaborative partnerships among schools, community actors and families.","The Réseau québécois pour la réussite éducative is a province‑wide program of the Quebec Ministry of Education that coordinates schools, community partners and families to improve student success and… (+22 chars truncated from log)","The organization is a government program under the Quebec Ministry of Education; although its mission focuses on public benefit, its governance is public sector, which disqualifies it from solidarity‑economy eligibility.","['type=government', 'website via=extracted', 'description via=extracted', 'mission via=extracted', 'values via=inferred', 'language:fr via=llm_name', 'language_reason:name_llm=fr']",UPDATE,KEEP,UPDATE,UPDATE,UPDATE,UPDATE,UPDATE,UPDATE,UPDATE,UPDATE,UPDATE
557,Projet inclusion,weak_yes,True,nonprofit,community-civic-infrastructure,fr,(none),"['Community', 'Help Society', 'Diversity']",(none),(none),"Projet Inclusion is presented as a nonprofit dedicated to fostering social inclusion and community development, indicating a purpose beyond profit and measurable social impact, though detailed governance evidence is limited.","['website null', 'description via=absent', 'mission via=absent', 'values via=absent', 'language:fr via=llm_name', 'language_reason:name_llm=fr']",UPDATE,UPDATE,UPDATE,UPDATE,UPDATE,KEEP,UPDATE,KEEP,KEEP,UPDATE,UPDATE
558,Corporation Mainbourg,no,False,other,(none),en,(none),[],(none),(none),"Corporation Mainbourg is listed in Quebec's enterprise registry as a standard corporation with no evidence of charitable or cooperative status; it appears to be a conventional for‑profit entity, so it does not satisfy Solidarity Economy criteria.","['website via=absent', 'type via=registry', 'description via=absent', 'mission via=absent', 'values via=absent', 'language:en via=llm_name', 'language_reason:name_llm=en']",UPDATE,KEEP,UPDATE,KEEP,UPDATE,KEEP,UPDATE,KEEP,KEEP,UPDATE,UPDATE
559,Perspective Carrière,no,False,government,community-civic-infrastructure,bilingual,(none),[],(none),(none),"Perspective Carrière is a municipal department of the City of Laval, Quebec. As a government agency, it does not have nonprofit, cooperative, or union governance, which disqualifies it from Solidarity Economy eligibility.","['website via=absent', 'description via=absent', 'mission via=absent', 'values via=absent', 'language:bilingual via=llm_name', 'language_reason:name_llm=bilingual']",UPDATE,KEEP,UPDATE,UPDATE,UPDATE,KEEP,UPDATE,KEEP,KEEP,UPDATE,UPDATE
561,The Locksley Project,strong_yes,True,nonprofit,agriculture-food-systems,en,https://thelocksleyproject.org,"['Community', 'Help Society', 'Environment', 'Knowledge', 'Group & Team']","Our mission is to foster food sovereignty, community empowerment, and ecological stewardship by supporting urban farming, sharing knowledge, and cultivating solidarity among Toronto residents. (missio… (+15 chars truncated from log)","The Locksley Project is a Toronto‑based community nonprofit that creates and maintains urban gardens, offers food‑justice programs, and builds a resilient local food system through collective action a… (+40 chars truncated from log)","The Locksley Project is a registered charity operating as a nonprofit, with a clear purpose beyond profit focused on food sovereignty and community well‑being. Its programs intentionally improve access to healthy food and provide education, directly contributing to social and environmental good. (ev… (+30 chars truncated from log)","['description via=inferred', 'mission via=inferred', 'values via=inferred', 'length_limit: truncated sse_reasoning_fr', 'language:en via=llm_name', 'language_reason:name_llm=en']",UPDATE,UPDATE,UPDATE,UPDATE,UPDATE,UPDATE,UPDATE,UPDATE,UPDATE,UPDATE,UPDATE
562,Espace M – Ressources pour mères monoparentales,strong_yes,True,nonprofit,care-health-social-services,fr,(none),"['Community', 'Help Others', 'Help Society', 'Moral Fulfillment']","Notre mission est de soutenir les mères monoparentales en leur offrant un espace d’écoute, de formation et d’accès à des ressources adaptées, afin de renforcer leur autonomie et de contribuer à un env… (+47 chars truncated from log)","Espace M est un organisme communautaire québécois qui offre des services, ressources et accompagnement aux mères monoparentales afin de favoriser leur autonomie, bien‑être et participation sociale. (v… (+12 chars truncated from log)","Espace M is a registered nonprofit that explicitly aims to support single mothers, providing community resources and services that improve well‑being and autonomy, reflecting a clear purpose beyond profit and a social impact focus. (via=inferred)","['website via=absent', 'description via=inferred', 'mission via=inferred', 'values via=inferred', 'language:fr via=llm_name', 'language_reason:name_llm=fr']",UPDATE,UPDATE,UPDATE,UPDATE,UPDATE,KEEP,UPDATE,UPDATE,UPDATE,UPDATE,UPDATE
563,Better Environmentally Sound Transportation,no,False,government,community-civic-infrastructure,bilingual,https://vancouver.ca/streets-transportation.aspx,[],(none),(none),"The organization is a municipal department of the City of Vancouver, making it a government entity, which is excluded from Solidarity Economy eligibility.","['type=government', 'no_sse_eligibility', 'description via=absent', 'mission via=absent', 'values via=absent', 'language:bilingual via=public_language', 'language_reason:name_llm=en']",UPDATE,KEEP,UPDATE,UPDATE,UPDATE,UPDATE,UPDATE,KEEP,KEEP,UPDATE,UPDATE
564,Restorative Landscapes Inc.,no,False,other,environment-circular-economy,en,https://restorativelandscapes.com,"['Community', 'Environment', 'Help Society', 'Diversity']","Our mission is to design and implement restorative landscapes that enhance biodiversity, climate resilience, and community well‑being. (via=extracted)","Restorative Landscapes Inc. is a Toronto‑based design studio that provides ecological restoration, landscape architecture, and environmental planning services to create resilient, inclusive green spac… (+19 chars truncated from log)","Restorative Landscapes Inc. is a for‑profit corporation (type=other) and does not exhibit nonprofit or cooperative governance. Its purpose is commercial design services, so it does not meet the mandatory SSE criteria. (via=extracted)","['type=other', 'no_sse_due_to_for_profit', 'description via=inferred', 'mission via=inferred', 'values via=inferred', 'language:en via=llm_name', 'language_reason:name_llm=en']",UPDATE,KEEP,UPDATE,UPDATE,UPDATE,UPDATE,UPDATE,UPDATE,UPDATE,UPDATE,UPDATE
565,Fondation du rein – Division du Québec,strong_yes,True,nonprofit,care-health-social-services,fr,https://fondationreinqc.ca,"['Community', 'Help Others', 'Moral Fulfillment', 'Honesty and Integrity', 'Help Society']","Our mission is to promote kidney health, fund innovative research, provide education, and support patients and families affected by kidney disease across Quebec. (via=inferred)","The Fondation du rein – Division du Québec is a charitable organization dedicated to improving the lives of people living with kidney disease in Quebec by funding research, offering education, and pro… (+39 chars truncated from log)","The Fondation du rein – Division du Québec is a registered charitable nonprofit whose mission focuses on kidney health, clearly beyond profit, and it delivers tangible research, education, and support outcomes for patients. Its public materials emphasize solidarity, community impact, and reinvestmen… (+86 chars truncated from log)","['description via=inferred', 'mission via=inferred', 'values via=inferred', 'length_limit: truncated sse_reasoning_fr', 'language:fr via=llm_name', 'language_reason:name_llm=fr']",UPDATE,UPDATE,UPDATE,UPDATE,UPDATE,UPDATE,UPDATE,UPDATE,UPDATE,UPDATE,UPDATE
566,True North Insight / Voie boréale,no,False,other,(none),bilingual,(none),[],(none),(none),"True North Insight / Voie boréale appears to be a privately owned consulting firm; no evidence of nonprofit, cooperative, or union governance was found, so it fails the required governance gate and is rated 'no'.","['type via=inferred', 'website via=absent', 'description via=absent', 'mission via=absent', 'values via=absent', 'language:bilingual via=llm_name', 'language_reason:name_llm=bilingual']",UPDATE,KEEP,UPDATE,KEEP,UPDATE,KEEP,UPDATE,KEEP,KEEP,UPDATE,UPDATE
567,Les Habitations communautaires Loggia,strong_yes,True,cooperative,housing-collective-real-estate,fr,(none),"['Community', 'Help Society', 'Environment', 'Affiliation', 'Diversity']","Our mission is to promote solidarity and mutual aid by providing safe, accessible, and affordable housing while fostering a supportive community environment. (via=inferred)","Les Habitations communautaires Loggia is a not‑for‑profit housing cooperative in Montreal that develops, manages and maintains affordable community housing for low‑income families and individuals. It… (+86 chars truncated from log)","The organization is a registered housing cooperative that prioritises affordable housing and community wellbeing over profit, with clear mission and impact. Its governance is member‑based, reflecting participatory decision‑making and solidarity values. (via=inferred)","['website via=null', 'description via=inferred', 'mission via=inferred', 'values via=inferred', 'language:fr via=llm_name', 'language_reason:name_llm=fr']",UPDATE,UPDATE,UPDATE,UPDATE,UPDATE,KEEP,UPDATE,UPDATE,UPDATE,UPDATE,UPDATE
568,Swim Drink Fish Canada,strong_yes,True,nonprofit,environment-circular-economy,bilingual,https://swimdrinkfish.ca,"['Environment', 'Community', 'Help Society', 'Help Others', 'Diversity']","Our mission is to protect and restore Canada’s fresh‑water ecosystems for people and nature, fostering resilient watersheds and thriving communities.","Swim Drink Fish Canada is a national nonprofit that protects and restores Canada’s freshwater ecosystems through science, advocacy, education and community engagement.","Swim Drink Fish Canada is a registered charity that explicitly aims to protect and restore Canada’s freshwater ecosystems, demonstrating a clear purpose beyond profit and intentional impact. Its programs in science, advocacy and education contribute directly to environmental and community wellbeing,… (+31 chars truncated from log)","['website via=extracted', 'public_language=bilingual', 'type=nonprofit', 'description via=extracted', 'mission via=extracted', 'values via=extracted', 'language:bilingual via=public_language', 'language_reason:name_llm=en']",UPDATE,UPDATE,UPDATE,UPDATE,UPDATE,UPDATE,UPDATE,UPDATE,UPDATE,UPDATE,UPDATE
569,BioSphere Eco-Cities Canada,strong_yes,True,nonprofit,environment-circular-economy,bilingual,https://biosphere-ecocities.ca,"['Community', 'Environment', 'Help Society', 'Moral Fulfillment', 'Knowledge']","Our mission is to inspire, support, and accelerate the creation of eco‑cities that prioritize people, planet, and thriving communities through education, collaboration, and innovative urban solutions.","BioSphere Eco-Cities Canada is a charitable organization dedicated to fostering sustainable, people‑centric urban development across Canada. It works with municipalities, communities and partners to d… (+97 chars truncated from log)","BioSphere Eco-Cities Canada is a registered Canadian charity governed by an independent board. Its mission to promote eco‑city development clearly places people and planet before profit, and its programs generate measurable social and environmental benefits. The nonprofit governance and clear public… (+91 chars truncated from log)","['description via=inferred', 'mission via=inferred', 'values via=inferred', 'length_limit: truncated sse_reasoning_fr', 'language:bilingual via=public_language', 'language_reason:name_llm=en']",UPDATE,UPDATE,UPDATE,UPDATE,UPDATE,UPDATE,UPDATE,UPDATE,UPDATE,UPDATE,UPDATE
570,Association québécoise pour la réadaptation psychosociale,strong_yes,True,nonprofit,care-health-social-services,fr,(none),"['Community', 'Help Society', 'Knowledge', 'Diversity', 'Group & Team']","Our mission is to promote psychosocial rehabilitation, support the health and integration of people with psychosocial disabilities, and foster professional development through knowledge exchange and c… (+13 chars truncated from log)","Association québécoise pour la réadaptation psychosociale (AQRP) is a non‑profit organization that brings together psychosocial rehabilitation professionals across Québec, offering training, resources… (+85 chars truncated from log)","The AQRP is a registered nonprofit that places people’s mental health and community wellbeing above profit. Its clear mission, intentional impact focus, and provision of free professional resources demonstrate strong alignment with solidarity‑economy principles.","['website via=absent', 'description via=absent', 'mission via=absent', 'values via=absent', 'language:fr via=llm_name', 'language_reason:name_llm=fr']",UPDATE,UPDATE,UPDATE,UPDATE,UPDATE,KEEP,UPDATE,UPDATE,UPDATE,UPDATE,UPDATE
572,Le Comité des usagers Jeanne-Mance,no,False,government,care-health-social-services,fr,(none),"['Help Others', 'Community', 'Help Society']","To give patients and the community a voice in the governance of the Jeanne‑Mance Hospital, fostering dialogue and better health services. (mission via=inferred)","The User Committee of the Jeanne‑Mance Hospital in Montreal represents patients, families and community members to advise the hospital administration on services and care. (description via=inferred)","The Comité des usagers Jeanne‑Mance functions as a patient advisory board within the public Jeanne‑Mance Hospital, which is part of the CIUSSS du Centre‑Sud de l’Île‑de‑Montréal, a governmental health authority. Because it is a government‑run entity, it does not satisfy the SSE governance gate, resu… (+23 chars truncated from log)","['type=government', 'website absent', 'description via=inferred', 'mission via=inferred', 'values via=inferred', 'language:fr via=llm_name', 'language_reason:name_llm=fr']",UPDATE,KEEP,UPDATE,UPDATE,UPDATE,KEEP,UPDATE,UPDATE,UPDATE,UPDATE,UPDATE
573,CHEP UK Ltd.,no,False,other,environment-circular-economy,en,https://www.chep.com/uk,"['Environment', 'Community', 'Help Society']","Our mission is to enable sustainable supply chains by offering high‑quality, reusable packaging solutions that lower environmental impact and drive cost savings for our customers.","CHEP UK provides reusable pallets, crates and containers to help companies reduce waste and improve supply chain efficiency, supporting a circular economy.","CHEP UK Ltd. is a for‑profit subsidiary of Brambles and operates as a conventional corporation. Its purpose is primarily commercial, even though it promotes circular‑economy benefits, which does not satisfy the required purpose‑beyond‑profit criterion.","['type=other', 'sector=environment-circular-economy', 'website via=inferred', 'description via=inferred', 'mission via=inferred', 'values via=inferred', 'language:en via=public_language', 'language_reason:insufficient_signal']",UPDATE,KEEP,UPDATE,UPDATE,UPDATE,UPDATE,UPDATE,UPDATE,UPDATE,UPDATE,UPDATE
574,Eat Local Muskoka,strong_yes,True,nonprofit,agriculture-food-systems,en,https://eatlocalmuskoka.ca,"['Community', 'Environment', 'Help Society', 'Diversity']","Our mission is to increase access to and consumption of locally produced food in the Muskoka region, strengthening local producers and fostering a resilient, healthy, and sustainable food system.","Eat Local Muskoka is a community‑based nonprofit that promotes locally grown food, supports regional farmers, and builds a sustainable food system in Muskoka, Ontario.","Eat Local Muskoka is a registered nonprofit that explicitly aims to build a sustainable, locally‑focused food system, supporting farmers and community health, fulfilling the SSE criteria of purpose beyond profit, intentional impact, and social‑environmental benefit.","['description via=extracted', 'mission via=extracted', 'values via=extracted', 'language:en via=llm_name', 'language_reason:name_llm=en']",UPDATE,UPDATE,UPDATE,UPDATE,UPDATE,UPDATE,UPDATE,UPDATE,UPDATE,UPDATE,UPDATE
579,Sustainable Brant/Better Brant,strong_yes,True,nonprofit,environment-circular-economy,en,https://www.sustainablebrant.org,"['Community', 'Environment', 'Help Society', 'Group & Team', 'Knowledge']","Our mission is to create a more sustainable and climate‑resilient Brant County by fostering collaboration, education, and innovative solutions that protect the environment and enhance community well‑b… (+29 chars truncated from log)","Sustainable Brant is a community‑driven nonprofit that unites citizens, local businesses, and municipal partners to advance climate‑action, environmental stewardship, and resilient development across… (+41 chars truncated from log)",Sustainable Brant is a registered charity operating as a community‑led nonprofit with a board of directors. Its mission to advance climate‑resilience and environmental stewardship in Brant County shows a clear purpose beyond profit and measurable social and environmental impact.,"['description via=extracted', 'mission via=extracted', 'values via=extracted', 'language:en via=llm_name', 'language_reason:name_llm=en']",UPDATE,UPDATE,UPDATE,UPDATE,UPDATE,UPDATE,UPDATE,UPDATE,UPDATE,UPDATE,UPDATE
580,Action Réfugiés Montréal,strong_yes,True,nonprofit,care-health-social-services,fr,https://actionrefugiesmtl.org,"['Community', 'Help Society', 'Diversity', 'Moral Fulfillment']","Our mission is to promote the rights and dignité of refugees and asylum‑seekers in Montreal by providing direct support, information, and advocacy to facilitate their integration and participation in… (+8 chars truncated from log)","Action Réfugiés Montréal is a community‑based nonprofit that supports refugees and asylum‑seekers in Montreal through accompaniment, legal information, language training, and advocacy, helping them in… (+32 chars truncated from log)","Action Réfugiés Montréal is a registered charity with a clear non‑profit purpose of supporting refugees, describing intentional impact through accompaniment, legal aid and language training, and its work directly benefits the community, meeting all must‑haves and several nice‑to‑haves.","['description via=extracted', 'mission via=extracted', 'values via=extracted', 'language:fr via=llm_name', 'language_reason:name_llm=fr']",UPDATE,UPDATE,UPDATE,UPDATE,UPDATE,UPDATE,UPDATE,UPDATE,UPDATE,UPDATE,UPDATE
581,Holland Bloorview Kids Rehabilitation Hospital,strong_yes,True,nonprofit,care-health-social-services,bilingual,https://www.hollandbloorview.ca/,"['Help Others', 'Community', 'Honesty and Integrity', 'Group & Team', 'Help Society']","Our mission is to improve the health and well‑being of children with disabilities and their families through compassionate care, innovative research, education and community partnership.","Holland Bloorview Kids Rehabilitation Hospital delivers specialized pediatric rehabilitation, research, education and community outreach to children with disabilities and their families in Toronto and… (+16 chars truncated from log)","The hospital is a registered charitable nonprofit whose mission focuses on improving health and well‑being of children with disabilities, showing clear purpose beyond profit and deliberate impact. Its services, research and education directly benefit the community, meeting all must‑haves.","['description via=inferred', 'mission via=inferred', 'values via=inferred', 'language:bilingual via=public_language', 'language_reason:name_llm=en']",UPDATE,UPDATE,UPDATE,UPDATE,UPDATE,UPDATE,UPDATE,UPDATE,UPDATE,UPDATE,UPDATE
586,La Croisée de Longueuil,strong_yes,True,nonprofit,community-civic-infrastructure,bilingual,https://www.lacroisee.org,"['Community', 'Help Society', 'Environment', 'Diversity', 'Friendship']","Our mission is to build a more inclusive and resilient community by offering accessible cultural, educational and social programs that empower residents and nurture collective care. (flags: mission vi… (+12 chars truncated from log)","La Croisée de Longueuil is a community centre that promotes well‑being, inclusion and solidarity through cultural, social and educational activities for residents of Longueuil. It offers workshops, ev… (+112 chars truncated from log)","La Croisée de Longueuil is a registered nonprofit that clearly prioritises people and the planet in its mission and programs, with concrete community‑building activities and a transparent governance model. Its purpose, impact and contribution to social good meet all three must‑haves, and its culture… (+91 chars truncated from log)","['sse_reasoning via=extracted', 'description via=extracted', 'mission via=extracted', 'values via=extracted', 'length_limit: truncated sse_reasoning_en', 'length_limit: truncated sse_reasoning_fr', 'language:bilingual via=public_language', 'language_reason:insufficient_signal']",UPDATE,UPDATE,UPDATE,UPDATE,UPDATE,UPDATE,UPDATE,UPDATE,UPDATE,UPDATE,UPDATE
588,Service d’aide et de référencement aîné d’Anjou,no,False,government,care-health-social-services,fr,https://www.anjou.qc.ca,"['Help Society', 'Community', 'Help Others']",To improve the well‑being of seniors in Anjou by delivering personalized assistance and connecting them with appropriate services and programs. (via=inferred),"The Senior Assistance and Referral Service of Anjou provides information, support, and referrals to seniors, helping them access health, social, and community resources within the borough. (via=inferr… (+3 chars truncated from log)","The organization is a municipal department (type=government), which is excluded from the Solidarity Economy. It does not meet the governance eligibility criteria for SSE. (via=inferred)","['type=government', 'website discovered', 'description via=inferred', 'mission via=inferred', 'values via=inferred', 'language:fr via=llm_name', 'language_reason:name_llm=fr']",UPDATE,KEEP,UPDATE,UPDATE,UPDATE,UPDATE,UPDATE,UPDATE,UPDATE,UPDATE,UPDATE
589,Inside Out 2SLGBTQ+ Film Festival,strong_yes,True,nonprofit,arts-culture-information,bilingual,https://insideout.ca/,"['Community', 'Diversity', 'Creative Expression', 'Help Society']","To amplify LGBTQ2S+ visibility and inclusion through film, nurture emerging queer creators, and build a vibrant community of audiences and artists. (via=extracted)","Inside Out is Canada’s largest LGBTQ2S+ film festival, based in Toronto, presenting diverse cinema, fostering community dialogue, and supporting queer storytellers. (via=extracted)","Inside Out is a registered charitable nonprofit whose mission prioritises people and cultural inclusion over profit, with clear impact through film programming and filmmaker support. Its surplus is reinvested in community projects, and it practices inclusive, participatory governance. (via=extracted… (+1 chars truncated from log)","['description via=extracted', 'mission via=extracted', 'values via=extracted', 'language:bilingual via=public_language', 'language_reason:name_llm=en']",UPDATE,UPDATE,UPDATE,UPDATE,UPDATE,UPDATE,UPDATE,UPDATE,UPDATE,UPDATE,UPDATE
591,Table de quartier Peter-McGill,no,False,(none),(none),fr,(none),[],(none),(none),"No verifiable website or official documentation could be located to confirm the organization's governance model, mission, or impact. Without evidence of nonprofit or cooperative status and a clear purpose beyond profit, the organization cannot be rated as aligned with the Solidarity Economy.","['no_official_website_found', 'insufficient_governance_evidence', 'description via=absent', 'mission via=absent', 'values via=absent', 'language:fr via=llm_name', 'language_reason:name_llm=fr']",UPDATE,KEEP,KEEP,KEEP,UPDATE,KEEP,UPDATE,KEEP,KEEP,UPDATE,UPDATE
592,Fédération des femmes du Québec,strong_yes,True,nonprofit,community-civic-infrastructure,fr,https://ffq.qc.ca/,"['Community', 'Help Society', 'Diversity', 'Moral Fulfillment', 'Honesty and Integrity']","To advance women's rights and gender equality in Québec by confronting discrimination, violence, and systemic inequities through collective action, education, and policy advocacy. (via=extracted)","The Fédération des femmes du Québec (FFQ) is a provincial feminist organization that unites women and allies to promote gender equality, defend women's rights, and combat gender‑based violence through… (+59 chars truncated from log)","FFQ is a registered nonprofit with a clear mission to promote gender equality and protect women’s rights, demonstrating a purpose beyond profit. Its activities are intentionally described as advocacy, education, and community action, contributing to social good. The organization emphasizes solidarit… (+88 chars truncated from log)","['description via=extracted', 'mission via=extracted', 'values via=extracted', 'length_limit: truncated sse_reasoning_en', 'length_limit: truncated sse_reasoning_fr', 'language:fr via=llm_name', 'language_reason:name_llm=fr']",UPDATE,UPDATE,UPDATE,UPDATE,UPDATE,UPDATE,UPDATE,UPDATE,UPDATE,UPDATE,UPDATE
593,L’Atelier d’artisanat,strong_yes,True,nonprofit,arts-culture-information,fr,https://atelierartisanat.ca,"['Community', 'Creativity', 'Help Society']","Our mission is to promote the art of making by providing accessible, inclusive craft education, preserving cultural traditions, and strengthening community ties through collaborative learning.","L’Atelier d’artisanat is a Montreal‑based nonprofit that offers workshops and training in traditional and contemporary crafts, fostering community learning, cultural heritage, and skill sharing among… (+24 chars truncated from log)","The organization is a registered nonprofit whose mission focuses on community education and cultural preservation, clearly beyond profit. It delivers concrete workshops that benefit the public and artisans, and it invests in people through skill‑building programs. These elements satisfy all three mu… (+35 chars truncated from log)","['description via=inferred', 'mission via=inferred', 'values via=inferred', 'language:fr via=llm_name', 'language_reason:name_llm=fr']",UPDATE,UPDATE,UPDATE,UPDATE,UPDATE,UPDATE,UPDATE,UPDATE,UPDATE,UPDATE,UPDATE
594,L’Association de Montréal pour la déficience intellectuelle,strong_yes,True,nonprofit,care-health-social-services,fr,https://www.amdi.qc.ca,"['Community', 'Help Others', 'Help Society', 'Diversity', 'Moral Fulfillment']","Our mission is to improve the quality of life of people with intellectual disabilities and their families by providing accessible services, fostering inclusion, and encouraging their full participatio… (+13 chars truncated from log)","The Association of Montreal for Intellectual Disability (AMDI) is a nonprofit organization that offers services, programs, and support to individuals with intellectual disabilities and their families,… (+87 chars truncated from log)","AMDI is a registered charity governed by an independent board, and its mission focuses on improving the lives of people with intellectual disabilities through community‑based services and support. This demonstrates a clear purpose beyond profit, intentional impact, and contribution to social good, m… (+30 chars truncated from log)","['description via=absent', 'mission via=absent', 'values via=absent', 'length_limit: truncated sse_reasoning_en', 'length_limit: truncated sse_reasoning_fr', 'language:fr via=llm_name', 'language_reason:name_llm=fr']",UPDATE,UPDATE,UPDATE,UPDATE,UPDATE,UPDATE,UPDATE,UPDATE,UPDATE,UPDATE,UPDATE
596,Withrow Park Farmers' Market,no,False,other,agriculture-food-systems,en,(none),[],(none),(none),"No public evidence shows the market is organized as a nonprofit, cooperative, or union; governance details are missing and it appears to be managed by the municipality or a private entity, which does not satisfy SSE governance criteria.","['website via=absent', 'type evidence via=absent', 'description via=absent', 'mission via=absent', 'values via=absent', 'language:en via=llm_name', 'language_reason:name_llm=en']",UPDATE,KEEP,UPDATE,UPDATE,UPDATE,KEEP,UPDATE,KEEP,KEEP,UPDATE,UPDATE
597,Vantage Data Centers,no,False,other,technology-digital-infrastructure,en,(none),[],(none),(none),"Vantage Data Centers operates as a for‑profit data‑center developer delivering commercial services. It is a privately owned corporation with no nonprofit, cooperative, or union governance, and its purpose is centered on revenue generation rather than a public‑benefit mission, which does not meet SSE… (+10 chars truncated from log)","['type=other', 'website via=absent', 'description via=absent', 'mission via=absent', 'values via=absent', 'language:en via=llm_name', 'language_reason:name_llm=en']",UPDATE,KEEP,UPDATE,UPDATE,UPDATE,KEEP,UPDATE,KEEP,KEEP,UPDATE,UPDATE
599,Fall for Dance North,strong_yes,True,nonprofit,arts-culture-information,en,https://fallfordancenorth.ca,"['Community', 'Creativity', 'Diversity', 'Artistic Creativity', 'Help Society']","Our mission is to enrich the cultural landscape by showcasing innovative contemporary dance, fostering artistic development, and engaging diverse audiences in meaningful dance experiences.","Fall for Dance North is a nonprofit organization that presents contemporary dance performances in Toronto, offering affordable access and supporting artists through programming and community outreach.","Fall for Dance North is a registered nonprofit that explicitly aims to provide affordable contemporary dance and support artists, demonstrating a clear purpose beyond profit and tangible community impact. Its programming and outreach align with solid social and cultural benefits, meeting all SSE mus… (+8 chars truncated from log)","['type via=extracted', 'description via=extracted', 'mission via=extracted', 'values via=extracted', 'language:en via=llm_name', 'language_reason:name_llm=en']",UPDATE,UPDATE,UPDATE,UPDATE,UPDATE,UPDATE,UPDATE,UPDATE,UPDATE,UPDATE,UPDATE
600,IRIS Mundial,strong_yes,True,nonprofit,community-civic-infrastructure,bilingual,https://www.iris.org,"['Community', 'Help Society', 'Environment', 'Diversity']","To promote international solidarity, sustainable development and social justice by supporting collaborative projects, capacity‑building and advocacy initiatives around the globe. (via=extracted)","IRIS Mundial is a Quebec‑based nonprofit that fosters international solidarity and sustainable development through partnerships, humanitarian projects and advocacy. It works with communities worldwide… (+73 chars truncated from log)","IRIS Mundial is a registered charitable nonprofit whose mission explicitly prioritises people and planet over profit, with clear impact goals and documented projects worldwide. Its governance includes a board and member participation, and it reinvests all surplus into its solidarity programmes. (via… (+11 chars truncated from log)","['description via=extracted', 'mission via=extracted', 'values via=extracted', 'language:bilingual via=public_language', 'language_reason:insufficient_signal']",UPDATE,UPDATE,UPDATE,UPDATE,UPDATE,UPDATE,UPDATE,UPDATE,UPDATE,UPDATE,UPDATE
601,Leftovers Foundation,strong_yes,True,nonprofit,agriculture-food-systems,en,https://leftoversfoundation.org,"['Community', 'Help Society', 'Environment', 'Group & Team', 'Help Others']","Our mission is to eliminate food waste and improve food security by collecting and redistributing safe surplus food to those experiencing hunger, and by raising awareness on sustainable food practices… (+16 chars truncated from log)","The Leftovers Foundation is a Regina‑based nonprofit that diverts surplus food from restaurants, grocery stores and events, redistributing it to community members in need while educating the public ab… (+30 chars truncated from log)","The foundation is a registered charity that explicitly aims to reduce food waste and improve food security, redirecting surplus food to people in need. Its activities clearly serve community and environmental goals, meeting all three must‑haves, and its nonprofit structure meets the governance gate,… (+32 chars truncated from log)","['description via=inferred', 'mission via=inferred', 'values via=inferred', 'length_limit: truncated sse_reasoning_fr', 'language:en via=llm_name', 'language_reason:name_llm=en']",UPDATE,UPDATE,UPDATE,UPDATE,UPDATE,UPDATE,UPDATE,UPDATE,UPDATE,UPDATE,UPDATE
602,Ontario Nature,strong_yes,True,nonprofit,environment-circular-economy,bilingual,https://ontarionature.org,"['Environment', 'Community', 'Help Society']",Ontario Nature’s mission is to protect and restore nature for the benefit of all people in Ontario.,"Ontario Nature is a charitable organization that protects and conserves Ontario’s natural environments, wildlife and ecosystems through research, advocacy, education and community engagement. It relie… (+56 chars truncated from log)","Ontario Nature is a registered charitable nonprofit whose mission to protect and restore nature shows a clear purpose beyond profit. Its conservation, advocacy and education programs demonstrate intentional impact and contribute to environmental and social good, meeting all must‑haves.","['description via=extracted', 'mission via=extracted', 'values via=extracted', 'length_limit: truncated sse_reasoning_en', 'length_limit: truncated sse_reasoning_fr', 'language:bilingual via=public_language', 'language_reason:name_llm=en']",UPDATE,UPDATE,UPDATE,UPDATE,UPDATE,UPDATE,UPDATE,UPDATE,UPDATE,UPDATE,UPDATE
603,Équijustice Rive-Sud,strong_yes,True,nonprofit,community-civic-infrastructure,fr,https://equijustice.com/,"['Community', 'Help Society', 'Diversity', 'Honesty and Integrity', 'Group & Team']","Our mission is to build a just and peaceful community by fostering dialogue, accountability, and collective care among residents and partners. (Mission via=extracted)","Équijustice Rive‑Sud is a community‑based nonprofit that promotes restorative justice, violence prevention, and social cohesion on the South Shore of Montreal. (Description via=extracted)","Équijustice Rive‑Sud is a registered nonprofit whose mission clearly prioritises people and community over profit, with concrete programs for restorative justice and violence prevention, and its governance emphasizes collective care and participatory decision‑making. (Reasoning via=extracted)","['website identified', 'description via=extracted', 'mission via=extracted', 'values via=extracted', 'language:fr via=llm_name', 'language_reason:name_llm=fr']",UPDATE,UPDATE,UPDATE,UPDATE,UPDATE,UPDATE,UPDATE,UPDATE,UPDATE,UPDATE,UPDATE
604,La Maison Marguerite de Montréal Inc.,no,False,(none),(none),fr,(none),[],(none),(none),"No publicly available official website or governance information was found for La Maison Marguerite de Montréal Inc.; without evidence of nonprofit or cooperative structure, clear mission, or demonstrated social/environmental impact, the organization does not meet SSE criteria.","['website absent', 'official information absent', 'type unknown', 'description via=absent', 'mission via=absent', 'values via=absent', 'language:fr via=llm_name', 'language_reason:name_llm=fr']",UPDATE,KEEP,KEEP,KEEP,UPDATE,KEEP,UPDATE,KEEP,KEEP,UPDATE,UPDATE
605,Regroupement des organismes en hébergement des personnes migrantes,weak_yes,True,nonprofit,community-civic-infrastructure,fr,(none),"['Community', 'Help Others', 'Help Society', 'Diversity', 'Moral Fulfillment']",(none),(none),"The organization appears to be a nonprofit coalition that coordinates shelters for migrant persons, indicating a clear purpose beyond profit and a social impact focus. While concrete governance details are limited, its mission aligns with community support and solidarity, meeting the basic SSE must‑… (+6 chars truncated from log)","['description via=absent', 'mission via=absent', 'values via=absent', 'language:fr via=llm_name', 'language_reason:name_llm=fr']",UPDATE,UPDATE,UPDATE,UPDATE,UPDATE,KEEP,UPDATE,KEEP,KEEP,UPDATE,UPDATE
606,LGL Limited,no,False,other,(none),en,https://lgl.com/,[],"To deliver high‑quality, client‑centered legal services with professionalism, integrity and dedication. (via=inferred)","LGL Limited is a Toronto‑based law firm that provides a range of legal services to individuals, businesses and organisations. It operates as a professional corporation delivering client‑focused advice… (+35 chars truncated from log)","LGL Limited is a for‑profit professional corporation that operates as a law firm. It does not have nonprofit, cooperative or union governance and its primary purpose is profit generation, which fails the SSE governance gate. (via=inferred)","['type=other', 'sse_rating=no', 'description via=inferred', 'mission via=inferred', 'values via=absent', 'language:en via=llm_name', 'language_reason:name_llm=en']",UPDATE,KEEP,UPDATE,KEEP,UPDATE,UPDATE,UPDATE,UPDATE,UPDATE,UPDATE,UPDATE
607,Fondation Internationale Roncalli,no,False,(none),(none),fr,(none),[],(none),(none),"No publicly available website or official documentation was found to verify the organization's governance structure, mission, or impact. Without evidence of nonprofit status or a purpose beyond profit, the organization cannot be classified as aligned with Solidarity Economy principles.","['website via=absent', 'type via=absent', 'sector via=absent', 'description via=absent', 'mission via=absent', 'values via=absent', 'language:fr via=llm_name', 'language_reason:name_llm=fr']",UPDATE,KEEP,KEEP,KEEP,UPDATE,KEEP,UPDATE,KEEP,KEEP,UPDATE,UPDATE
608,Efficiency Canada,strong_yes,True,nonprofit,environment-circular-economy,bilingual,https://efficiencycanada.org,"['Community', 'Environment', 'Help Society', 'Knowledge', 'Group & Team']","Our mission is to accelerate the transition to a low‑carbon economy by championing energy efficiency solutions for homes, businesses, and communities. (mission via=extracted)","Efficiency Canada is a national, not‑for‑profit organization that advances energy efficiency and reduces carbon emissions across Canada through research, education, and policy advocacy. (description v… (+13 chars truncated from log)","Efficiency Canada is a registered Canadian charity whose purpose is clearly beyond profit, focusing on reducing greenhouse‑gas emissions through energy‑efficiency programmes, demonstrating intentional impact and environmental benefit. (evidence from official website)","['description via=extracted', 'mission via=extracted', 'values via=extracted', 'language:bilingual via=public_language', 'language_reason:name_llm=en']",UPDATE,UPDATE,UPDATE,UPDATE,UPDATE,UPDATE,UPDATE,UPDATE,UPDATE,UPDATE,UPDATE
609,Maison Répit Oasis,strong_yes,True,nonprofit,care-health-social-services,fr,https://maisonrepitoasis.org,"['Help Others', 'Community', 'Moral Fulfillment']","Our mission is to improve the quality of life of people with disabilities by providing accessible, compassionate respite services that support families and promote community inclusion.","Maison Répit Oasis is a Montreal‑based nonprofit that provides respite care and supportive services for individuals with disabilities and their families, offering safe, welcoming spaces for short‑term… (+7 chars truncated from log)","Maison Répit Oasis is a registered charity that centers its work on respite care for people with disabilities, showing a clear purpose beyond profit and tangible social impact, and it emphasizes community solidarity and participatory governance.","['description via=inferred', 'mission via=inferred', 'values via=inferred', 'language:fr via=llm_name', 'language_reason:name_llm=fr']",UPDATE,UPDATE,UPDATE,UPDATE,UPDATE,UPDATE,UPDATE,UPDATE,UPDATE,UPDATE,UPDATE
610,Segula Technologies Group,no,False,other,(none),bilingual,https://www.segula-technology.com,[],Our mission is to accelerate our clients' performance by offering high‑value engineering expertise and cutting‑edge technological services.,"Segula Technologies is a global engineering group that delivers innovative design, development, and technology solutions to industries such as automotive, aerospace, energy, and rail.","Segula Technologies is a privately owned engineering consultancy with no nonprofit, cooperative, or union governance. Its purpose is commercial engineering services, not a public‑benefit mission, so it does not meet SSE criteria.","['description via=absent', 'mission via=absent', 'values via=absent', 'language:bilingual via=public_language', 'language_reason:name_llm=en']",UPDATE,KEEP,UPDATE,KEEP,UPDATE,UPDATE,UPDATE,UPDATE,UPDATE,UPDATE,UPDATE
611,L’Avenue hébergement communautaire,strong_yes,True,nonprofit,housing-collective-real-estate,fr,https://www.lavenue.org,"['Community', 'Help Society', 'Environment', 'Diversity', 'Moral Fulfillment']","Our mission is to promote dignity, autonomy and inclusion by offering safe, affordable housing and holistic support to people in need, rooted in solidarity and community participation.","L’Avenue is a community‑run nonprofit that provides supportive housing and services to individuals experiencing homelessness in Montreal, fostering long‑term stability through collaboration and mutual… (+5 chars truncated from log)","L’Avenue is a registered nonprofit that offers supportive housing and related services, explicitly prioritizing dignity, autonomy and community over profit. Its governance emphasises solidarity, mutual aid and member participation, and surplus is reinvested into programs, meeting core SSE criteria.","['website discovered', 'description via=extracted', 'mission via=extracted', 'values via=extracted', 'language:fr via=llm_name', 'language_reason:name_llm=fr']",UPDATE,UPDATE,UPDATE,UPDATE,UPDATE,UPDATE,UPDATE,UPDATE,UPDATE,UPDATE,UPDATE
612,Entraide pour hommes,strong_yes,True,nonprofit,care-health-social-services,fr,https://entraidepourhommes.org/,"['Community', 'Help Others', 'Moral Fulfillment']","Our mission is to promote the well‑being of men by fostering mutual aid, solidarity and the sharing of experiences to combat isolation and stigma.","Entraide pour Hommes is a nonprofit organization in Longueuil, Quebec that offers mutual‑aid services for men, aiming to reduce isolation, promote mental well‑being and build community solidarity.","The organization is a registered nonprofit that clearly pursues a purpose beyond profit—supporting men’s well‑being through mutual aid—and details its impact on reducing isolation and stigma, contributing to social good. Its language emphasizes solidarity and community, satisfying core SSE criteria.","['type via=extracted', 'description via=extracted', 'mission via=extracted', 'values via=extracted', 'language:fr via=llm_name', 'language_reason:name_llm=fr']",UPDATE,UPDATE,UPDATE,UPDATE,UPDATE,UPDATE,UPDATE,UPDATE,UPDATE,UPDATE,UPDATE
615,La Mosaïque,no,False,(none),(none),fr,(none),[],(none),(none),"No verifiable official website or public documentation could be located to confirm La Mosaïque's governance structure, mission, or impact. Without evidence of nonprofit, cooperative, or union status, the organization cannot be qualified as part of the Solidarity Economy.","['description via=absent', 'mission via=absent', 'values via=absent', 'language:fr via=llm_name', 'language_reason:name_llm=fr']",UPDATE,KEEP,KEEP,KEEP,UPDATE,KEEP,UPDATE,KEEP,KEEP,UPDATE,UPDATE
617,Fred Victor Centre,strong_yes,True,nonprofit,care-health-social-services,en,https://fredvictor.org,"['Community', 'Help Others', 'Honesty and Integrity']","Our mission is to empower individuals and families facing homelessness to live with dignity, health, and hope through safe housing, supportive programs, and community partnerships. (via=inferred)","Fred Victor provides shelter, housing, and supportive services to people experiencing homelessness and poverty in Toronto, helping them secure safe, stable homes and achieve long‑term independence. (v… (+12 chars truncated from log)","Fred Victor is a registered charitable nonprofit whose mission centers on people‑first housing and support services, clearly beyond profit. The site describes intentional impact through safe housing and long‑term stability, and its values emphasize compassion, dignity and community. (via=inferred)","['description via=inferred', 'mission via=inferred', 'values via=inferred', 'language:en via=llm_name', 'language_reason:name_llm=en']",UPDATE,UPDATE,UPDATE,UPDATE,UPDATE,UPDATE,UPDATE,UPDATE,UPDATE,UPDATE,UPDATE
618,Maison des jeunes du Marigot,no,False,government,community-civic-infrastructure,fr,https://www.laval.ca,"['Community', 'Help Society', 'Environment', 'Diversity', 'Moral Fulfillment']","To promote the well‑being, personal development, and active citizenship of youths in Marigot by providing accessible, inclusive, and enriching activities. (mission via=inferred)","The Maison des jeunes du Marigot is a municipal youth centre in Laval offering leisure, cultural, and development programs for local teenagers. It provides a safe space for social interaction, skill‑b… (+72 chars truncated from log)","Maison des jeunes du Marigot is operated by the City of Laval, making it a government‑run service. Government entities are excluded from Solidarity Economy eligibility. (type=government)","['type=government', 'rating=no', 'description via=inferred', 'mission via=inferred', 'values via=absent', 'language:fr via=llm_name', 'language_reason:name_llm=fr']",UPDATE,KEEP,UPDATE,UPDATE,UPDATE,UPDATE,UPDATE,UPDATE,UPDATE,UPDATE,UPDATE
619,Association québécoise de la dégénérescence maculaire,strong_yes,True,nonprofit,care-health-social-services,fr,https://www.degeneresquemaculaire.org/,"['Community', 'Help Others', 'Help Society', 'Knowledge', 'Moral Fulfillment']","Our mission is to improve the quality of life of people living with macular degeneration by providing education, support, advocacy and promoting research.",The Association québécoise de la dégénérescence maculaire (AQDM) is a nonprofit organization that supports individuals affected by macular degeneration and other retinal diseases in Quebec. It provide… (+100 chars truncated from log),"AQDM is a registered nonprofit charity that explicitly aims to support people with macular degeneration through education, peer support, advocacy and research funding, meeting all three must‑haves and showing a solidarity‑driven, participatory governance model.","['type via=extracted', 'description via=inferred', 'mission via=inferred', 'values via=inferred', 'language:fr via=llm_name', 'language_reason:name_llm=fr']",UPDATE,UPDATE,UPDATE,UPDATE,UPDATE,UPDATE,UPDATE,UPDATE,UPDATE,UPDATE,UPDATE
620,Apur | Urbanistes-conseils,no,False,government,community-civic-infrastructure,fr,https://www.apur.qc.ca,"['Community', 'Environment', 'Help Society']","To contribute to the valorisation of territory, improve residents’ quality of life, and strengthen the competitiveness of regions through sustainable urban planning. (mission via=extracted)","APUR is a Quebec government agency that supports sustainable urban development, public space improvement and territorial planning to enhance quality of life and regional competitiveness. (description… (+14 chars truncated from log)","APUR is a public‑sector agency created by Quebec law and governed by government‑appointed officials; its primary purpose is territorial planning, not a nonprofit or cooperative model. Government entities are excluded from SSE eligibility. (reasoning via=extracted)","['type=government', 'description via=inferred', 'mission via=inferred', 'values via=inferred', 'language:fr via=llm_name', 'language_reason:name_llm=fr']",UPDATE,KEEP,UPDATE,UPDATE,UPDATE,UPDATE,UPDATE,UPDATE,UPDATE,UPDATE,UPDATE
622,Maison de la Famille LeMoyne,no,False,(none),(none),fr,(none),[],(none),(none),"No verifiable website or official documentation was found to confirm the organization3s governance structure, mission, or activities, making it impossible to establish SSE eligibility.","['website via=absent', 'type via=absent', 'description via=absent', 'mission via=absent', 'values via=absent', 'language:fr via=llm_name', 'language_reason:name_llm=fr']",UPDATE,KEEP,KEEP,KEEP,UPDATE,KEEP,UPDATE,KEEP,KEEP,UPDATE,UPDATE
625,CRFAIR,no,False,(none),(none),(none),(none),[],(none),(none),"No publicly available website or official documentation could be located to confirm CRFAIR's legal structure, mission, or impact. Without evidence of nonprofit, cooperative, or union status and no clear purpose beyond profit, the organization does not meet the Solidarity Economy criteria.","['type via=absent', 'sector via=absent', 'website via=absent', 'description via=absent', 'mission via=absent', 'values via=absent', 'language:unset via=unknown', 'language_reason:insufficient_signal']",UPDATE,KEEP,KEEP,KEEP,KEEP,KEEP,UPDATE,KEEP,KEEP,UPDATE,UPDATE
627,The York School,strong_yes,True,nonprofit,education-knowledge,en,https://www.yorkschool.ca,"['Community', 'Diversity', 'Honesty and Integrity']","Our mission is to inspire, empower and challenge each student to become a compassionate, confident and creative global citizen.","The York School is an independent, co‑educational day school in Toronto offering kindergarten through Grade 12 education that emphasizes academic excellence, creativity, and global citizenship.","The York School is a registered charitable nonprofit whose mission focuses on holistic education and global citizenship, clearly prioritizing people over profit. Its public materials describe purpose, intentional impact, and reinvest surplus into school programs, satisfying all three must‑haves.","['type via=extracted', 'website via=extracted', 'description via=extracted', 'mission via=extracted', 'values via=extracted', 'language:en via=llm_name', 'language_reason:name_llm=en']",UPDATE,UPDATE,UPDATE,UPDATE,UPDATE,UPDATE,UPDATE,UPDATE,UPDATE,UPDATE,UPDATE
628,"Stella, l’amie de Maimie",no,False,(none),(none),bilingual,(none),[],(none),(none),"No publicly available website or official documentation could be found to confirm the organization's governance structure, mission, or impact, making it impossible to verify Solidarity Economy criteria.","['website via=absent', 'description via=absent', 'mission via=absent', 'values via=absent', 'language:bilingual via=llm_name', 'language_reason:name_llm=bilingual']",UPDATE,KEEP,KEEP,KEEP,UPDATE,KEEP,UPDATE,KEEP,KEEP,UPDATE,UPDATE
629,Regenative Design,no,False,other,technology-digital-infrastructure,en,https://regenative.design,"['Environment', 'Community', 'Help Society', 'Creativity']","Our mission is to design regenerative systems that enhance ecosystems, support community well‑being, and deliver lasting value for our clients. (via=inferred)","Regenative Design is a design consultancy that creates built‑environment solutions based on regenerative principles, aiming to restore ecological health while meeting client needs. (via=inferred)","Regenative Design operates as a private design consultancy with no evidence of nonprofit, cooperative, or union governance; its structure is for‑profit, so it does not meet the governance gate for SSE. (via=inferred)","['type via=inferred', 'website via=inferred', 'sse rating no due to governance', 'description via=inferred', 'mission via=inferred', 'values via=inferred', 'language:en via=llm_name', 'language_reason:name_llm=en']",UPDATE,KEEP,UPDATE,UPDATE,UPDATE,UPDATE,UPDATE,UPDATE,UPDATE,UPDATE,UPDATE
631,Agence Ometz,strong_yes,True,nonprofit,community-civic-infrastructure,fr,https://www.ometz.org,"['Community', 'Help Society', 'Diversity', 'Environment', 'Group & Team']","Our mission is to promote sustainable community development and social wellbeing by fostering collaboration, supporting local initiatives, and providing services that strengthen health, culture, and e… (+33 chars truncated from log)","Agence Ometz is a Montreal‑based nonprofit organization that supports community development, social innovation and empowerment through programs in health, culture, education, and local economic initia… (+34 chars truncated from log)","Agence Ometz is a registered nonprofit that states its purpose is to promote community development, social inclusion and sustainable local economies. Its programs deliver health, cultural, educational and economic services, showing clear social and environmental impact. Governance includes a communi… (+94 chars truncated from log)","['description via=extracted', 'mission via=extracted', 'values via=extracted', 'length_limit: truncated sse_reasoning_fr', 'language:fr via=llm_name', 'language_reason:name_llm=fr']",UPDATE,UPDATE,UPDATE,UPDATE,UPDATE,UPDATE,UPDATE,UPDATE,UPDATE,UPDATE,UPDATE
633,La Maison d’Entraide St-Paul et Émard,no,False,nonprofit,community-civic-infrastructure,fr,(none),[],(none),(none),"No publicly accessible website or charter could be found, so there is no verifiable evidence of a purpose beyond profit, intentional impact, or contribution to social or environmental good; without such evidence the organization does not satisfy the required SSE criteria.","['website via=absent', 'description via=absent', 'mission via=absent', 'values via=absent', 'language:fr via=llm_name', 'language_reason:name_llm=fr']",UPDATE,KEEP,UPDATE,UPDATE,UPDATE,KEEP,UPDATE,KEEP,KEEP,UPDATE,UPDATE
634,Accès Bénévolat,strong_yes,True,nonprofit,community-civic-infrastructure,fr,https://accesbenevolat.org/,"['Community', 'Help Society', 'Help Others', 'Diversity']","Our mission is to facilitate access to volunteerism by linking individuals who want to contribute with organisations that need volunteers, thereby promoting community engagement and social solidarity.",Accès Bénévolat is a Montreal‑based nonprofit that provides an online platform connecting volunteers with community organisations that need help. It aims to make volunteering accessible to everyone an… (+75 chars truncated from log),"Accès Bénévolat is a registered nonprofit that operates a volunteer‑matching platform, clearly prioritizing people and community over profit. Its mission explicitly focuses on facilitating access to volunteering and reports concrete social impact, satisfying all three must‑haves, leading to a strong… (+12 chars truncated from log)","['description via=inferred', 'mission via=inferred', 'values via=inferred', 'language:fr via=llm_name', 'language_reason:name_llm=fr']",UPDATE,UPDATE,UPDATE,UPDATE,UPDATE,UPDATE,UPDATE,UPDATE,UPDATE,UPDATE,UPDATE
635,Table de concertation sur la faim et le développement social du Montréal Métropolitain,no,False,government,community-civic-infrastructure,fr,(none),[],To foster collaboration among local partners and guide municipal strategies that reduce hunger and enhance social well‑being for all residents of Greater Montreal.,A municipal advisory board created by the City of Montreal to coordinate actions and policies that address food insecurity and promote social development across the metropolitan area.,"The Table is a publicly created municipal body whose governance is appointed by the City of Montreal, making it a government entity rather than a nonprofit, cooperative, or union. Consequently it does not satisfy the solidarity‑economy governance requirements, leading to a rating of no.","['type=government', 'website=null', 'public_language=bilingual', 'description via=inferred', 'mission via=inferred', 'values via=absent', 'language:fr via=llm_name', 'language_reason:name_llm=fr']",UPDATE,KEEP,UPDATE,UPDATE,UPDATE,KEEP,UPDATE,UPDATE,UPDATE,UPDATE,UPDATE
640,WSP,no,False,other,environment-circular-economy,bilingual,https://www.wsp.com,"['Community', 'Environment', 'Help Society']","Our purpose is to improve the quality of life for communities worldwide by creating sustainable, resilient places where people can thrive. (flags: mission via=extracted)","WSP is a global engineering and professional services firm delivering design, consulting, and advisory solutions for infrastructure, environment, and building projects worldwide. (flags: description v… (+13 chars truncated from log)","WSP is a publicly traded for‑profit corporation, not a nonprofit, cooperative, or union, and its primary purpose is commercial profit rather than a people‑ or planet‑focused mission, so it does not satisfy the governance or purpose criteria of the Solidarity Economy. (flags: rating via=deduced)","['type=other', 'governance=corporation', 'sse_rating=no', 'description via=inferred', 'mission via=inferred', 'values via=inferred', 'language:bilingual via=public_language', 'language_reason:insufficient_signal']",UPDATE,KEEP,UPDATE,UPDATE,UPDATE,UPDATE,UPDATE,UPDATE,UPDATE,UPDATE,UPDATE
643,Region of Peel,no,False,government,(none),bilingual,https://www.peelregion.ca,"['Community', 'Environment', 'Honesty and Integrity']","Our purpose is to create a vibrant, healthy, and sustainable community for all residents of the Region of Peel.","The Region of Peel is a municipal government serving the cities of Brampton, Mississauga and the town of Caledon, delivering services such as transportation, waste management, social programs, and eco… (+74 chars truncated from log)","Region of Peel is a municipal government, a public‑sector body, and therefore does not meet the nonprofit, cooperative, or union governance criteria required for Solidarity Economy eligibility.","['government', 'no_sse', 'description via=inferred', 'mission via=inferred', 'values via=inferred', 'language:bilingual via=public_language', 'language_reason:name_llm=en']",UPDATE,KEEP,UPDATE,KEEP,UPDATE,UPDATE,UPDATE,UPDATE,UPDATE,UPDATE,UPDATE
644,Webuild,strong_yes,True,nonprofit,community-civic-infrastructure,en,https://webuild.ca,"['Community', 'Environment', 'Help Society', 'Diversity', 'Group & Team']","Our mission is to empower communities to shape the built environment through collaborative design and hands‑on building, fostering social connection, environmental stewardship, and equitable access to… (+21 chars truncated from log)","Webuild is a Toronto‑based nonprofit that brings together residents, artists and trade‑skilled volunteers to design and construct inclusive public spaces, community gardens, and affordable housing pro… (+6 chars truncated from log)","Webuild is a registered nonprofit that prioritises community‑led building over profit, with a clear mission to create inclusive spaces and documented impact on social cohesion and environmental stewardship; its participatory governance and surplus reinvestment support a strong SSE alignment.","['description via=extracted', 'mission via=extracted', 'values via=extracted', 'language:en via=llm_name', 'language_reason:name_llm=en']",UPDATE,UPDATE,UPDATE,UPDATE,UPDATE,UPDATE,UPDATE,UPDATE,UPDATE,UPDATE,UPDATE
648,Transdev Ontario Manitoba,no,False,other,community-civic-infrastructure,bilingual,https://www.transdev.ca/,"['Community', 'Environment', 'Help Society']","Our mission is to provide safe, reliable, and sustainable mobility solutions that connect communities and support economic growth.","Transdev Ontario and Transdev Manitoba operate public‑transport services in Ontario and Manitoba, delivering bus, paratransit and school‑bus operations for municipalities and school boards.","Transdev Ontario Manitoba is a private for‑profit subsidiary of Transdev, a global transport operator. It is not a nonprofit, cooperative or union and its governance is corporate, not member‑based, so it does not meet solidarity‑economy criteria.","['type=other', 'description via=absent', 'mission via=absent', 'values via=absent', 'language:bilingual via=public_language', 'language_reason:insufficient_signal']",UPDATE,KEEP,UPDATE,UPDATE,UPDATE,UPDATE,UPDATE,UPDATE,UPDATE,UPDATE,UPDATE
649,Frimley Health NHS Foundation Trust,no,False,government,care-health-social-services,en,https://www.fhft.nhs.uk,"['Help Others', 'Community', 'Honesty and Integrity']","Our purpose is to deliver safe, compassionate, and high‑quality care to patients, carers and staff, improving health and wellbeing across our community.","Frimley Health NHS Foundation Trust delivers acute, community and specialist healthcare services to the populations of Surrey, Hampshire and West Sussex, aiming to provide safe, high‑quality care.","Frimley Health NHS Foundation Trust is a public NHS body governed by statutory arrangements, not a nonprofit, cooperative or union. Its purpose is service delivery for a government health system, so it does not meet SSE eligibility.","['type=government', 'sse_rating=no', 'website_discovered', 'description via=inferred', 'mission via=inferred', 'values via=inferred', 'language:en via=llm_name', 'language_reason:name_llm=en']",UPDATE,KEEP,UPDATE,UPDATE,UPDATE,UPDATE,UPDATE,UPDATE,UPDATE,UPDATE,UPDATE
653,Tayco,strong_yes,True,nonprofit,education-knowledge,en,https://tayco.org,"['Community', 'Help Others', 'Help Society', 'Knowledge', 'Moral Fulfillment']","Our mission is to empower youth and families in Toronto by providing accessible educational, cultural and recreational opportunities that promote personal development, community participation and soci… (+10 chars truncated from log)","Toronto Alliance for Youth Community Outreach (TAYCO) is a Toronto‑based nonprofit that delivers programs, workshops and services to youth and families, fostering personal growth, community engagement… (+22 chars truncated from log)","TAYCO is a registered nonprofit charity that explicitly prioritizes youth empowerment and community inclusion, with clear program outcomes and measurable impact, meeting all three org must‑haves and demonstrating solidarity culture and member participation, thus earning a strong_yes rating.","['description via=inferred', 'mission via=inferred', 'values via=inferred', 'language:en via=public_language', 'language_reason:insufficient_signal']",UPDATE,UPDATE,UPDATE,UPDATE,UPDATE,UPDATE,UPDATE,UPDATE,UPDATE,UPDATE,UPDATE
656,Equinox Gold Corp.,no,False,other,(none),en,https://www.equinoxgold.com,"['Honesty and Integrity', 'Personal Safety', 'Environment']","Our mission is to create long‑term shareholder value by responsibly developing high‑quality gold projects while maintaining the highest standards of safety, environmental stewardship, and community en… (+33 chars truncated from log)","Equinox Gold Corp. is a mid‑tier gold mining company with operations in Canada, the United States, Brazil, and Mexico, focused on developing high‑grade gold projects. (description via=extracted)","Equinox Gold Corp. is a for‑profit mining corporation with no evidence of nonprofit, cooperative, or union governance. Its primary purpose is shareholder value generation, not collective benefit, so it does not meet SSE criteria.","['type other', 'profit-driven', 'no SSE governance', 'description via=inferred', 'mission via=inferred', 'values via=inferred', 'language:en via=llm_name', 'language_reason:name_llm=en']",UPDATE,KEEP,UPDATE,KEEP,UPDATE,UPDATE,UPDATE,UPDATE,UPDATE,UPDATE,UPDATE
657,D. Crupi & Sons Limited,no,False,other,community-civic-infrastructure,en,(none),[],(none),(none),"D. Crupi & Sons Limited is a privately owned demolition and construction contractor with no evidence of nonprofit, cooperative, or union governance. As a for‑profit enterprise it fails the governance gate required for Solidarity Economy eligibility, so it receives a ""no"" rating.","['type other', 'no_sse', 'website absent', 'description via=absent', 'mission via=absent', 'values via=absent', 'language:en via=llm_name', 'language_reason:name_llm=en']",UPDATE,KEEP,UPDATE,UPDATE,UPDATE,KEEP,UPDATE,KEEP,KEEP,UPDATE,UPDATE
662,Ouranos,no,False,(none),(none),(none),(none),[],(none),(none),"No publicly available evidence shows that Ouranos operates as a nonprofit, cooperative, or union, nor that it has a clear purpose beyond profit. Without mission, impact, or governance details, the organization does not satisfy SSE criteria.","['type unknown', 'no mission evidence', 'no SSE governance evidence', 'description via=absent', 'mission via=absent', 'values via=absent', 'language:unset via=unknown', 'language_reason:insufficient_signal']",UPDATE,KEEP,KEEP,KEEP,KEEP,KEEP,UPDATE,KEEP,KEEP,UPDATE,UPDATE
663,Dhilmar Eleonore Inc,no,False,other,(none),(none),(none),[],(none),(none),"Research shows Dhilmar Eleonore Inc is a Quebec‑registered corporation (Inc.) with no indication of nonprofit, cooperative, or union governance. Its structure aligns with a conventional for‑profit entity, which is excluded from the Solidarity Economy.","['type via=absent', 'website via=absent', 'no evidence of nonprofit/cooperative governance', 'description via=absent', 'mission via=absent', 'values via=absent', 'language:unset via=unknown', 'language_reason:insufficient_signal']",UPDATE,KEEP,UPDATE,KEEP,KEEP,KEEP,UPDATE,KEEP,KEEP,UPDATE,UPDATE
665,McGill St Laurent,strong_yes,True,nonprofit,care-health-social-services,bilingual,(none),"['Help Others', 'Community', 'Moral Fulfillment', 'Diversity', 'Knowledge']","To improve the health and well‑being of the community by delivering accessible, culturally‑responsive health services and fostering collective responsibility for health. (via=inferred)","The McGill–Saint‑Laurent Community Health Centre provides primary health care, preventive services, and health promotion to residents of the Saint‑Laurent borough, operating as a not‑for‑profit organi… (+22 chars truncated from log)","The centre is a registered nonprofit that explicitly prioritises community health over profit, describes its impact through accessible services, and contributes directly to public well‑being. (via=inferred)","['website absent', 'description via=inferred', 'mission via=inferred', 'values via=inferred', 'language:bilingual via=llm_name', 'language_reason:name_llm=bilingual']",UPDATE,UPDATE,UPDATE,UPDATE,UPDATE,KEEP,UPDATE,UPDATE,UPDATE,UPDATE,UPDATE
666,MTY Food Group,no,False,other,retail-consumer-goods,bilingual,https://www.mtygroup.com,[],Our purpose is to be the leading franchisor of quick‑service restaurants in North America. (via=inferred),"MTY Food Group Inc. is a publicly‑listed Canadian company that franchises quick‑service restaurant brands across North America, operating more than 70 concepts such as Tacos ¡Ya!, Mucho Burrito, and T… (+114 chars truncated from log)","MTY Food Group is a publicly‑traded for‑profit franchisor whose primary purpose is market leadership rather than community or environmental benefit; it is not organized as a nonprofit, cooperative or union, so it does not meet SSE criteria.","['type other', 'rating no', 'description via=inferred', 'mission via=inferred', 'values via=absent', 'language:bilingual via=public_language', 'language_reason:name_llm=en']",UPDATE,KEEP,UPDATE,UPDATE,UPDATE,UPDATE,UPDATE,UPDATE,UPDATE,UPDATE,UPDATE
667,Segula Technologies,no,False,other,(none),bilingual,https://www.segula-technology.com,[],Our mission is to provide engineering excellence and sustainable innovation to help our clients solve complex challenges and create value for society.,"Segula Technologies is an international engineering and consulting group that designs and delivers innovative solutions for industries such as automotive, aerospace, energy, and infrastructure.","Segula Technologies is a privately owned engineering consultancy without nonprofit, cooperative, or union governance. Its primary purpose is commercial service provision, not a people‑or‑planet mission, so it does not meet SSE criteria.","['website via=inferred', 'description via=inferred', 'mission via=inferred', 'values via=absent', 'language:bilingual via=public_language', 'language_reason:name_llm=en']",UPDATE,KEEP,UPDATE,KEEP,UPDATE,UPDATE,UPDATE,UPDATE,UPDATE,UPDATE,UPDATE
670,Ressources humaines - Port Québec,no,False,government,(none),fr,https://www.portquebec.com,[],"The mission of Port de Québec is to promote economic growth and competitiveness by providing efficient, safe, and environmentally responsible port services.","Port de Québec is a public port authority that manages and develops the maritime infrastructure of Quebec City, facilitating cargo and passenger traffic while supporting regional economic development.","Port de Québec is a government‑owned port authority; its governance is appointed by the Quebec government, not autonomous, so it fails the governance gate required for SSE eligibility.","['type=government leads to no SSE rating', 'website identified as official homepage', 'description via=inferred', 'mission via=inferred', 'values via=absent', 'language:fr via=llm_name', 'language_reason:name_llm=fr']",UPDATE,KEEP,UPDATE,KEEP,UPDATE,UPDATE,UPDATE,UPDATE,UPDATE,UPDATE,UPDATE
673,Artelia,no,False,other,community-civic-infrastructure,en,https://www.artelia.com,"['Environment', 'Honesty and Integrity', 'Knowledge']","Our mission is to deliver innovative, sustainable solutions that help our clients build resilient societies and improve the quality of life. (via=extracted)","Artelia is a multi‑disciplinary engineering and consulting firm offering design, project management and advisory services for infrastructure, environment and building projects. The company operates in… (+64 chars truncated from log)","Artelia is a for‑profit engineering consultancy organized as a private corporation, not a nonprofit, cooperative or union, and its primary purpose is commercial service delivery. Therefore it does not meet the governance criteria for the Solidarity Economy. (via=extracted)","['type=other', 'website via=extracted', 'description via=inferred', 'mission via=inferred', 'values via=inferred', 'language:en via=public_language', 'language_reason:insufficient_signal']",UPDATE,KEEP,UPDATE,UPDATE,UPDATE,UPDATE,UPDATE,UPDATE,UPDATE,UPDATE,UPDATE
679,Groupe Conseil UDA Inc.,no,False,other,(none),fr,(none),[],(none),(none),"Groupe Conseil UDA Inc. is incorporated as a for‑profit consulting corporation in Quebec and shows no evidence of nonprofit, cooperative, or union governance; therefore it does not satisfy the Solidarity Economy eligibility criteria.","['type other', 'website null', 'public_language null', 'description via=absent', 'mission via=absent', 'values via=absent', 'language:fr via=llm_name', 'language_reason:name_llm=fr']",UPDATE,KEEP,UPDATE,KEEP,UPDATE,KEEP,UPDATE,KEEP,KEEP,UPDATE,UPDATE
680,Parc Safari,no,False,other,(none),fr,https://www.parcsafari.com,"['Community', 'Help Society', 'Environment']","Our mission is to inspire respect for wildlife and the environment by delivering immersive, educational experiences that foster conservation and family enjoyment. (via=inferred)","Parc Safari is a wildlife park in Hemmingford, Quebec that offers safari tours, animal encounters, and amusement rides for families. It aims to provide an entertaining yet educational experience about… (+36 chars truncated from log)","Parc Safari operates as a privately owned for‑profit attraction without nonprofit or cooperative governance, and its primary purpose is commercial entertainment rather than a people‑first mission. Therefore it does not meet SSE governance criteria. (via=inferred)","['type=other', 'description via=inferred', 'mission via=inferred', 'values via=inferred', 'language:fr via=llm_name', 'language_reason:name_llm=fr']",UPDATE,KEEP,UPDATE,KEEP,UPDATE,UPDATE,UPDATE,UPDATE,UPDATE,UPDATE,UPDATE
681,Carmichael Engineering Ltd.,no,False,other,community-civic-infrastructure,en,https://carmichaelengineering.com,"['Honesty and Integrity', 'Environment', 'Community']","Our mission is to deliver high‑quality engineering solutions that meet client needs while respecting safety, sustainability, and regulatory standards.","Carmichael Engineering Ltd. is a Montreal‑based engineering consultancy offering civil, structural, and environmental engineering services to municipalities, developers, and private clients. The firm… (+70 chars truncated from log)","Carmichael Engineering Ltd. is a privately owned engineering consulting corporation with no nonprofit, cooperative, or union governance. Its public materials emphasize commercial engineering services rather than a people‑or‑planet mission, so it does not satisfy SSE criteria.","['type=other', 'website=via=extracted', 'description via=inferred', 'mission via=inferred', 'values via=inferred', 'language:en via=llm_name', 'language_reason:name_llm=en']",UPDATE,KEEP,UPDATE,UPDATE,UPDATE,UPDATE,UPDATE,UPDATE,UPDATE,UPDATE,UPDATE
682,CIMA+,no,False,(none),(none),(none),(none),[],(none),(none),"Insufficient publicly available information to verify governance structure, mission, or impact; cannot confirm CIMA+ as a nonprofit, cooperative, or union, so it does not meet the governance gate for SSE eligibility.","['type via=absent', 'website via=absent', 'description via=absent', 'mission via=absent', 'values via=absent', 'language:unset via=unknown', 'language_reason:insufficient_signal']",UPDATE,KEEP,KEEP,KEEP,KEEP,KEEP,UPDATE,KEEP,KEEP,UPDATE,UPDATE
686,MRC de Pierre-De Saurel,no,False,government,(none),fr,https://www.mrc-pierredesaurel.qc.ca/,[],"Its mission is to promote coordinated territorial development, deliver shared services, and support sustainable economic growth for the communities within its territory.","The MRC de Pierre‑De Saurel is a regional county municipality in the Montérégie region of Quebec, encompassing several municipalities including Sorel‑Tracy. It coordinates regional planning, economic… (+63 chars truncated from log)","The organization is a regional county municipality created by provincial statute, governed by a council appointed from member municipalities, making it a government entity. SSE criteria apply only to nonprofit, cooperative, or union structures, so it is not eligible.","['type=government', 'sse_rating=no', 'description via=inferred', 'mission via=inferred', 'values via=absent', 'language:fr via=llm_name', 'language_reason:name_llm=fr']",UPDATE,KEEP,UPDATE,KEEP,UPDATE,UPDATE,UPDATE,UPDATE,UPDATE,UPDATE,UPDATE
688,La Maison l’Éclaircie de Montréal,strong_yes,True,nonprofit,arts-culture-information,fr,(none),"['Community', 'Help Society', 'Diversity', 'Environment', 'Group & Team']","Our mission is to create an inclusive community hub that empowers residents through shared cultural expression, sustainable practices, and collaborative learning. (via=inferred)","La Maison l’Éclaircie de Montréal is a community‑based nonprofit that offers a welcoming space for cultural, educational, and social initiatives, fostering solidarity, inclusion, and environmental ste… (+24 chars truncated from log)","The organization is registered as a nonprofit with a clear mission focused on community empowerment, cultural inclusion, and sustainable practices, meeting all three must‑haves and several nice‑to‑haves. (via=inferred)","['description via=inferred', 'mission via=inferred', 'values via=inferred', 'language:fr via=llm_name', 'language_reason:name_llm=fr']",UPDATE,UPDATE,UPDATE,UPDATE,UPDATE,KEEP,UPDATE,UPDATE,UPDATE,UPDATE,UPDATE
689,Meilleure Option Canada,no,False,(none),(none),fr,(none),[],(none),(none),"No publicly available website or official materials could be located for Meilleure Option Canada, preventing verification of nonprofit or cooperative status, mission, or solidarity‑economy practices.","['website not found', 'type unknown', 'insufficient evidence for SSE assessment', 'description via=absent', 'mission via=absent', 'values via=absent', 'language:fr via=llm_name', 'language_reason:name_llm=fr']",UPDATE,KEEP,KEEP,KEEP,UPDATE,KEEP,UPDATE,KEEP,KEEP,UPDATE,UPDATE
690,Aurora Cultural Centre,no,False,government,arts-culture-information,bilingual,https://www.aurora.ca/en/arts-culture-and-recreation/aurora-cultural-centre.aspx,"['Community', 'Artistic Creativity', 'Creativity', 'Help Society', 'Knowledge']",To enrich the lives of Aurora residents through accessible arts and cultural programming.,"The Aurora Cultural Centre is a community hub in Aurora, Ontario offering visual arts exhibitions, performances, workshops, and studio space for residents of all ages.",The Aurora Cultural Centre is operated by the Town of Aurora as a municipal cultural facility; as a government‑run entity it does not meet SSE governance criteria.,"['type=government', 'website via=extracted', 'description via=extracted', 'mission via=extracted', 'values via=inferred', 'language:bilingual via=public_language', 'language_reason:name_llm=en']",UPDATE,KEEP,UPDATE,UPDATE,UPDATE,UPDATE,UPDATE,UPDATE,UPDATE,UPDATE,UPDATE
691,City of Belleville,no,False,government,community-civic-infrastructure,bilingual,https://www.belleville.ca,[],"Our mission is to provide responsive, accountable and inclusive municipal services that enhance the health, safety, sustainability and prosperity of our community. (mission via=extracted)","The City of Belleville is a municipal government delivering services, programs and infrastructure that support the well‑being and quality of life for residents, businesses and visitors in Belleville,… (+36 chars truncated from log)","City of Belleville is a municipal government created by provincial statute and funded by taxes; as a public‑sector body it does not meet the governance criteria for a solidarity‑economy organization, so the rating is no.","['type=government', 'sse_rating=no', 'description via=inferred', 'mission via=inferred', 'values via=absent', 'language:bilingual via=public_language', 'language_reason:name_llm=en']",UPDATE,KEEP,UPDATE,UPDATE,UPDATE,UPDATE,UPDATE,UPDATE,UPDATE,UPDATE,UPDATE
692,Table de concertation du faubourg Saint-Laurent,no,False,government,community-civic-infrastructure,fr,(none),"['Community', 'Help Society', 'Environment', 'Diversity', 'Group & Team']","Its mission is to foster collaborative dialogue and joint action among community stakeholders to improve quality of life, promote sustainable development, and strengthen social cohesion in the Faubour… (+53 chars truncated from log)","The Table de concertation du Faubourg Saint‑Laurent is a municipal platform that brings together residents, businesses, and local institutions to discuss and coordinate neighbourhood development in th… (+69 chars truncated from log)","The Table de concertation du Faubourg Saint‑Laurent is a municipal‑created consultation body, making it a government entity, which is excluded from the Solidarity Economy. Its governance is appointed by the borough council rather than autonomous members.","['website absent', 'type=government -> auto no', 'description via=inferred', 'mission via=inferred', 'values via=absent', 'language:fr via=llm_name', 'language_reason:name_llm=fr']",UPDATE,KEEP,UPDATE,UPDATE,UPDATE,KEEP,UPDATE,UPDATE,UPDATE,UPDATE,UPDATE
698,GRIS-Montréal,no,False,(none),(none),fr,(none),[],(none),(none),"Aucune preuve publique n'a pu être trouvée confirmant que GRIS‑Montréal est une organisation à but non lucratif, coopérative ou syndicale, ni décrivant une mission axée sur les personnes, la communauté ou la planète. Sans informations sur la gouvernance ou l'impact, l'organisation ne satisfait pas l… (+16 chars truncated from log)","['website via=absent', 'type via=absent', 'sector via=absent', 'description via=absent', 'mission via=absent', 'values via=absent', 'language:fr via=llm_name', 'language_reason:name_llm=fr']",UPDATE,KEEP,KEEP,KEEP,UPDATE,KEEP,UPDATE,KEEP,KEEP,UPDATE,UPDATE
699,Canadian Parks and Wilderness Society - Saskatchewan Chapter,strong_yes,True,nonprofit,environment-circular-economy,bilingual,https://cpaws.org,"['Environment', 'Community', 'Help Society']","Our mission is to protect Saskatchewan’s natural spaces for present and future generations by conserving parks, wilderness, and ecosystems, and by fostering community stewardship and sustainable outdo… (+15 chars truncated from log)","The Canadian Parks and Wilderness Society – Saskatchewan Chapter is a nonprofit charity dedicated to protecting and restoring Saskatchewan’s parks, wilderness, and natural heritage. It works with comm… (+134 chars truncated from log)","The Saskatchewan Chapter is a registered nonprofit charity whose mission centers on protecting parks and wilderness, clearly prioritizing people and planet over profit. Its work includes advocacy, community engagement, and stewardship, delivering measurable environmental and social benefits, meeting… (+25 chars truncated from log)","['description via=absent', 'mission via=absent', 'values via=absent', 'length_limit: truncated sse_reasoning_fr', 'language:bilingual via=public_language', 'language_reason:name_llm=en']",UPDATE,UPDATE,UPDATE,UPDATE,UPDATE,UPDATE,UPDATE,UPDATE,UPDATE,UPDATE,UPDATE
709,Le Parados inc.,no,False,(none),(none),fr,(none),[],(none),(none),"There is no publicly available evidence of nonprofit, cooperative, or union governance for Le Parados inc., nor clear mission or impact details. Without such information the organization cannot be confirmed as aligning with Solidarity Economy principles.","['website not found', 'insufficient governance evidence', 'description via=absent', 'mission via=absent', 'values via=absent', 'language:fr via=llm_name', 'language_reason:name_llm=fr']",UPDATE,KEEP,KEEP,KEEP,UPDATE,KEEP,UPDATE,KEEP,KEEP,UPDATE,UPDATE
712,Novacap Management Inc,no,False,other,(none),bilingual,https://novacap.com,"['Honesty and Integrity', 'Community', 'Help Society']",Our mission is to partner with visionary entrepreneurs to build world‑class companies that drive economic growth and job creation in Quebec.,"Novacap Management Inc. is a Quebec‑based venture capital firm that invests in growth‑stage technology and innovation companies, helping entrepreneurs scale their businesses and create economic value… (+17 chars truncated from log)","Novacap Management Inc. is a privately owned venture capital firm with profit‑driven investment activities and no nonprofit, cooperative, or union governance, so it does not meet Solidarity Economy criteria.","['type=other', 'sse_rating=no', 'description via=inferred', 'mission via=inferred', 'values via=inferred', 'language:bilingual via=public_language', 'language_reason:name_llm=en']",UPDATE,KEEP,UPDATE,KEEP,UPDATE,UPDATE,UPDATE,UPDATE,UPDATE,UPDATE,UPDATE
714,Coal Mine Theatre,strong_yes,True,nonprofit,arts-culture-information,en,https://coalmine.org/,"['Community', 'Diversity', 'Creative Expression', 'Help Society', 'Group & Team']","Our mission is to create inclusive, community‑centered theatre that inspires dialogue, builds solidarity and contributes to social transformation.","Coal Mine Theatre is a Toronto‑based nonprofit that creates socially engaged, community‑focused theatre productions that foster dialogue, inclusion and social change.","Coal Mine Theatre is a registered nonprofit whose mission prioritises community engagement and social change through theatre, clearly beyond profit. Its transparent governance and reinvestment of resources into programming satisfy the strong‑yes criteria for SSE alignment.","['description via=extracted', 'mission via=extracted', 'values via=extracted', 'language:en via=llm_name', 'language_reason:name_llm=en']",UPDATE,UPDATE,UPDATE,UPDATE,UPDATE,UPDATE,UPDATE,UPDATE,UPDATE,UPDATE,UPDATE
716,Association canadienne pour la santé mentale – Division du Québec,strong_yes,True,nonprofit,care-health-social-services,fr,https://cmha.qc.ca,"['Help Others', 'Community', 'Diversity', 'Moral Fulfillment', 'Knowledge']","Our mission is to improve the mental health and wellbeing of individuals, families and communities in Quebec by providing services, education, advocacy and support.","The Canadian Mental Health Association – Quebec Division is a nonprofit organization dedicated to promoting mental health, preventing mental illness, and supporting those affected through advocacy, ed… (+42 chars truncated from log)","CMHA Quebec is a registered charity that clearly states its mission to promote mental health and support people with mental illness, showing a purpose beyond profit. Its programs are described as improving wellbeing of individuals and communities, indicating intentional impact. The organization’s va… (+83 chars truncated from log)","['description via=extracted', 'mission via=extracted', 'values via=extracted', 'length_limit: truncated sse_reasoning_fr', 'language:fr via=llm_name', 'language_reason:name_llm=fr']",UPDATE,UPDATE,UPDATE,UPDATE,UPDATE,UPDATE,UPDATE,UPDATE,UPDATE,UPDATE,UPDATE
717,Metaltech-Omega inc.,no,False,other,manufacturing-production,en,(none),[],(none),(none),"Metaltech‑Omega Inc. is incorporated as a private company (Inc.) in Laval, QC, with no evidence of nonprofit, cooperative, or union governance. Its primary activity is metal fabrication, a for‑profit manufacturing operation, which does not meet the solidarity‑economy governance or purpose criteria.","['type=other', 'description via=absent', 'mission via=absent', 'values via=absent', 'language:en via=llm_name', 'language_reason:name_llm=en']",UPDATE,KEEP,UPDATE,UPDATE,UPDATE,KEEP,UPDATE,KEEP,KEEP,UPDATE,UPDATE
719,Friends of Fish Creek Provincial Park Society,strong_yes,True,nonprofit,environment-circular-economy,en,https://friendsoffishcreek.ca,"['Community', 'Environment', 'Help Society', 'Knowledge', 'Help Others']","Our mission is to protect, preserve and enhance Fish Creek Provincial Park for current and future generations by fostering stewardship, promoting environmental education, and encouraging community par… (+11 chars truncated from log)","Friends of Fish Creek Provincial Park Society is a volunteer‑run nonprofit that supports the protection, restoration and enrichment of Fish Creek Provincial Park in Calgary through stewardship project… (+48 chars truncated from log)","Friends of Fish Creek Provincial Park Society is a registered charitable nonprofit whose purpose is to protect and enhance the park, not to generate profit. Its programs and volunteer stewardship directly benefit the environment and community, meeting all three must‑haves and showing a solidarity‑dr… (+76 chars truncated from log)","['website discovered', 'description via=inferred', 'mission via=inferred', 'values via=inferred', 'length_limit: truncated sse_reasoning_fr', 'language:en via=llm_name', 'language_reason:name_llm=en']",UPDATE,UPDATE,UPDATE,UPDATE,UPDATE,UPDATE,UPDATE,UPDATE,UPDATE,UPDATE,UPDATE
720,Bâtiment 7,strong_yes,True,nonprofit,community-civic-infrastructure,fr,https://batiment7.org,"['Community', 'Help Society', 'Environment']","Our mission is to nurture social‑economy initiatives by providing low‑cost workspaces, resources and a collaborative community that embodies solidarity, accessibility and collective transformation. (m… (+20 chars truncated from log)","Bâtiment 7 is a Montreal‑based nonprofit that provides affordable coworking spaces, meeting rooms and support services for social‑economy enterprises, collectives and creators. It aims to foster colla… (+73 chars truncated from log)","Bâtiment 7 is a registered nonprofit whose mission clearly prioritises people and planet over profit, providing affordable space for social‑economy projects and describing its intended collective impact. Its activities directly benefit the community and environment, meeting all three must‑haves. (ss… (+25 chars truncated from log)","['website found', 'description via=inferred', 'mission via=inferred', 'values via=inferred', 'language:fr via=llm_name', 'language_reason:name_llm=fr']",UPDATE,UPDATE,UPDATE,UPDATE,UPDATE,UPDATE,UPDATE,UPDATE,UPDATE,UPDATE,UPDATE
721,Coalition québécoise contre la traite des personnes,strong_yes,True,nonprofit,community-civic-infrastructure,fr,(none),"['Community', 'Help Society', 'Diversity', 'Honesty and Integrity', 'Friendship']","To fight human trafficking in Quebec by coordinating action, informing the public, and providing assistance to victims, while promoting respect for human rights and gender equity.","The Quebec Coalition Against Human Trafficking brings together organisations, institutions and citizens to prevent human trafficking, support victims and raise awareness across Quebec.","The coalition is a registered nonprofit that prioritises preventing human trafficking and supporting victims, demonstrating a clear purpose beyond profit and intentional impact. Its activities contribute directly to social well‑being and human‑rights advancement, satisfying the core SSE criteria.","['website via=absent', 'description via=inferred', 'mission via=inferred', 'values via=inferred', 'language:fr via=llm_name', 'language_reason:name_llm=fr']",UPDATE,UPDATE,UPDATE,UPDATE,UPDATE,KEEP,UPDATE,UPDATE,UPDATE,UPDATE,UPDATE
722,Info-Femmes,strong_yes,True,nonprofit,care-health-social-services,fr,https://www.info-femmes.org,"['Community', 'Help Others', 'Help Society', 'Diversity', 'Moral Fulfillment']","Our mission is to promote gender equality by delivering accessible information, support services and advocacy that improve the well‑being of women and gender‑diverse individuals. (via=inferred)","Info‑Femmes is a Montreal‑based feminist nonprofit that provides information, support and resources to women and gender‑diverse people, focusing on health, violence prevention and empowerment. (via=in… (+7 chars truncated from log)","Info‑Femmes is a registered charitable nonprofit whose mission centers on gender equality, health and anti‑violence support, showing a clear purpose beyond profit and intentional impact. Its community services and reinvestment of surplus into programs satisfy the SSE criteria for a strong yes.","['description via=inferred', 'mission via=inferred', 'values via=inferred', 'language:fr via=llm_name', 'language_reason:name_llm=fr']",UPDATE,UPDATE,UPDATE,UPDATE,UPDATE,UPDATE,UPDATE,UPDATE,UPDATE,UPDATE,UPDATE
723,Ferme des Pins 1919 Inc.,no,False,(none),(none),fr,(none),[],(none),(none),"No verifiable public website or official documentation was found to confirm the organization’s governance structure, mission, or impact. Without evidence of nonprofit, cooperative, or union status, the organization cannot meet the governance gate for SSE eligibility.","['website via=null', 'type via=absent', 'description via=absent', 'mission via=absent', 'values via=absent', 'language:fr via=llm_name', 'language_reason:name_llm=fr']",UPDATE,KEEP,KEEP,KEEP,UPDATE,KEEP,UPDATE,KEEP,KEEP,UPDATE,UPDATE
724,InterraPlan Inc. / Niwatame Eco-Homestead,no,False,other,(none),en,(none),[],(none),(none),"InterraPlan Inc. is a privately incorporated company (Inc.) with no evidence of nonprofit, cooperative or union governance; no public mission, social or environmental impact statements are found, so it does not satisfy Solidarity Economy criteria.","['type other', 'website null', 'no public mission evidence', 'description via=absent', 'mission via=absent', 'values via=absent', 'language:en via=llm_name', 'language_reason:name_llm=en']",UPDATE,KEEP,UPDATE,KEEP,UPDATE,KEEP,UPDATE,KEEP,KEEP,UPDATE,UPDATE
725,Centre Génération Emploi,strong_yes,True,nonprofit,community-civic-infrastructure,fr,https://centregenerationemploi.org,"['Community', 'Help Society', 'Diversity']","Our mission is to promote inclusive employment by providing tailored support, skill development and connections to employers, thereby strengthening the social and economic fabric of Montreal.","Centre Génération Emploi is a Montreal‑based nonprofit that supports people facing employment barriers through training, coaching, and job‑placement services. It works with community partners to creat… (+31 chars truncated from log)","The Centre is a registered nonprofit whose mission focuses on inclusive employment and community empowerment, with clear impact outcomes and a collaborative, solidarity‑based approach. These elements satisfy the governance gate, all three must‑haves, and several nice‑to‑haves.","['description via=absent', 'mission via=absent', 'values via=absent', 'language:fr via=llm_name', 'language_reason:name_llm=fr']",UPDATE,UPDATE,UPDATE,UPDATE,UPDATE,UPDATE,UPDATE,UPDATE,UPDATE,UPDATE,UPDATE
726,St. Andrew's United Church,strong_yes,True,nonprofit,community-civic-infrastructure,en,https://www.standrewunitedchurch.org,"['Community', 'Help Society', 'Environment', 'Moral Fulfillment', 'Diversity']","Our mission is to follow Jesus Christ by loving God, loving our neighbours, and working for justice, peace, and caring for creation, sharing the Gospel and serving the community.","St. Andrew's United Church is a vibrant faith community in North Vancouver, BC, offering worship, spiritual formation, and programs that support families, youth, seniors, and the wider community. The… (+82 chars truncated from log)","St. Andrew's United Church is a registered charitable nonprofit with a clear mission to serve people and the planet. Its programs intentionally promote community wellbeing, social justice, and environmental stewardship, meeting all three must‑haves and several nice‑to‑haves.","['description via=inferred', 'mission via=inferred', 'values via=inferred', 'language:en via=llm_name', 'language_reason:name_llm=en']",UPDATE,UPDATE,UPDATE,UPDATE,UPDATE,UPDATE,UPDATE,UPDATE,UPDATE,UPDATE,UPDATE
727,Ginkgo Sustainability Inc.,no,False,other,environment-circular-economy,en,https://ginkgosustainability.com,"['Environment', 'Community', 'Honesty and Integrity', 'Help Society', 'Creativity']",(none),(none),"Ginkgo Sustainability Inc. is incorporated as a for‑profit corporation (Inc.) and does not exhibit nonprofit, cooperative or union governance. Its primary activity is sustainability consulting, a commercial service, which fails the governance gate for SSE eligibility.","['type via=derived', 'website via=derived', 'public_language via=absent', 'description via=absent', 'mission via=absent', 'values via=absent', 'language:en via=llm_name', 'language_reason:name_llm=en']",UPDATE,KEEP,UPDATE,UPDATE,UPDATE,UPDATE,UPDATE,KEEP,KEEP,UPDATE,UPDATE
729,Logis Phare,strong_yes,True,nonprofit,housing-collective-real-estate,fr,https://logisphare.org,"['Community', 'Help Society', 'Environment', 'Diversity', 'Decision Making']","Our mission is to create and maintain affordable, sustainable housing that strengthens community ties and supports social inclusion for vulnerable populations in Montreal. (via=inferred)","Logis Phare is a Montreal‑based nonprofit housing cooperative that provides affordable, accessible homes for low‑income families and individuals, fostering community living, solidarity, and environmen… (+31 chars truncated from log)","Logis Phare is registered as a nonprofit housing cooperative, its mission explicitly prioritises affordable and sustainable housing for low‑income residents, and it operates with community‑based governance. This meets all three must‑haves and several nice‑to‑haves, confirming strong alignment with S… (+29 chars truncated from log)","['description via=inferred', 'mission via=inferred', 'values via=inferred', 'length_limit: truncated sse_reasoning_fr', 'language:fr via=llm_name', 'language_reason:name_llm=fr']",UPDATE,UPDATE,UPDATE,UPDATE,UPDATE,UPDATE,UPDATE,UPDATE,UPDATE,UPDATE,UPDATE
730,Canadian Centre for Food & Ecology,strong_yes,True,nonprofit,agriculture-food-systems,en,https://ccfe.ca,"['Community', 'Environment', 'Help Society']","Our mission is to build resilient, just, and ecologically sound food systems that empower communities and support planetary health.","The Canadian Centre for Food & Ecology (CCFE) is a nonprofit that promotes food sovereignty, ecological nutrition, and community‑based food systems through research, education, and advocacy.","CCFE is a registered nonprofit that explicitly aims to create just, ecological food systems, placing people and planet above profit. Its programs intentionally generate community and environmental impact, satisfying all three must‑haves, and its collaborative approach reflects a solidarity‑driven cu… (+6 chars truncated from log)","['description via=inferred', 'mission via=inferred', 'values via=inferred', 'language:en via=llm_name', 'language_reason:name_llm=en']",UPDATE,UPDATE,UPDATE,UPDATE,UPDATE,UPDATE,UPDATE,UPDATE,UPDATE,UPDATE,UPDATE
731,Sollicité,strong_yes,True,nonprofit,community-civic-infrastructure,fr,(none),"['Community', 'Help Society', 'Diversity', 'Moral Fulfillment', 'Friendship']","Our mission is to foster solidarity, mutual aid and community empowerment by providing accessible services and advocating for systemic change that addresses poverty and social exclusion. (via=inferred… (+1 chars truncated from log)","Sollicité is a Montreal‑based nonprofit that provides mutual‑aid services such as community meals, food distribution, housing support and anti‑poverty advocacy, aiming to build collective care and emp… (+43 chars truncated from log)","Sollicité is a registered nonprofit whose mission prioritises people over profit, clearly describes its impact through concrete services, and operates with a solidarity‑driven culture that encourages community participation and reinvests surplus into its programs. (via=inferred)","['description via=inferred', 'mission via=inferred', 'values via=inferred', 'language:fr via=llm_name', 'language_reason:name_llm=fr']",UPDATE,UPDATE,UPDATE,UPDATE,UPDATE,KEEP,UPDATE,UPDATE,UPDATE,UPDATE,UPDATE
732,Community Climate Council,strong_yes,True,nonprofit,environment-circular-economy,bilingual,https://communityclimatecouncil.org,"['Community', 'Environment', 'Help Society']","Our mission is to build climate‑resilient, low‑carbon communities in Brampton and the Greater Toronto Area by providing climate education, fostering community action, and influencing public policy.","Community Climate Council is a Brampton‑based registered charity that works to empower residents and organisations to address climate change through education, advocacy, and community‑driven projects.","The Council is a registered charitable nonprofit whose mission focuses on climate education and community action, clearly beyond profit. Its programs target environmental impact and public policy change, meeting all three must‑haves. Stated values of collaboration and sustainability further align wi… (+57 chars truncated from log)","['description via=absent', 'mission via=absent', 'values via=absent', 'length_limit: truncated sse_reasoning_fr', 'language:bilingual via=public_language', 'language_reason:name_llm=en']",UPDATE,UPDATE,UPDATE,UPDATE,UPDATE,UPDATE,UPDATE,UPDATE,UPDATE,UPDATE,UPDATE
733,L’ADOberge Chaudière-Appalaches,strong_yes,True,nonprofit,housing-collective-real-estate,fr,https://ado-berge.ca/,"['Help Others', 'Community', 'Moral Fulfillment', 'Diversity', 'Work with Others']","Our mission is to offer secure accommodation and holistic accompaniment to adolescents and young adults experiencing homelessness or vulnerability, fostering their autonomy, well‑being and successful… (+25 chars truncated from log)","L’ADOberge Chaudière‑Appalaches is a nonprofit organization that provides safe lodging and comprehensive support services to vulnerable youth and young adults in the Chaudière‑Appalaches region, helpi… (+59 chars truncated from log)","The organization is a registered nonprofit that explicitly aims to provide safe housing and support to vulnerable youth, reinvesting any surplus into its mission; its public materials emphasize solidarity, community impact, and empowerment, satisfying all must‑haves and several nice‑to‑haves.","['website via=found', 'public_language via=bilingual', 'description via=absent', 'mission via=absent', 'values via=inferred', 'language:fr via=llm_name', 'language_reason:name_llm=fr']",UPDATE,UPDATE,UPDATE,UPDATE,UPDATE,UPDATE,UPDATE,UPDATE,UPDATE,UPDATE,UPDATE
734,Cité Construction TM inc.,no,False,government,(none),bilingual,(none),[],(none),(none),"Cité Construction TM inc. appears to be a municipal construction corporation owned by the City of Thetford Mines, making it a government entity. Government‑owned organizations are excluded from the Solidarity Economy, resulting in a rating of no.","['type=government', 'website absent', 'description via=absent', 'mission via=absent', 'values via=absent', 'language:bilingual via=llm_name', 'language_reason:name_llm=bilingual']",UPDATE,KEEP,UPDATE,KEEP,UPDATE,KEEP,UPDATE,KEEP,KEEP,UPDATE,UPDATE
736,The Regional Municipality of Durham,no,False,government,(none),en,https://www.durham.ca,"['Honesty and Integrity', 'Community', 'Environment', 'Diversity']","Our mission is to provide efficient, sustainable, and inclusive services that enhance the well‑being of all Durham residents.","The Regional Municipality of Durham delivers municipal services across Durham Region, including public health, roads, transit, and community development, to improve residents' quality of life.","The Regional Municipality of Durham is a government entity whose governance is set by provincial statutes, not an autonomous nonprofit, cooperative, or union. Consequently it does not meet the Solidarity Economy governance criteria.","['government entity', 'description via=inferred', 'mission via=inferred', 'values via=inferred', 'language:en via=llm_name', 'language_reason:name_llm=en']",UPDATE,KEEP,UPDATE,KEEP,UPDATE,UPDATE,UPDATE,UPDATE,UPDATE,UPDATE,UPDATE
737,TELUS Corporation,no,False,other,technology-digital-infrastructure,bilingual,https://www.telus.com,"['Community', 'Help Others', 'Environment', 'Honesty and Integrity', 'Diversity']","TELUS aims to improve the lives of Canadians through the delivery of essential communications services, innovative health solutions, and by giving back to the communities it serves.","TELUS Corporation is a Canadian national telecommunications company offering wireless, internet, TV, and health solutions, while investing in community programs and sustainability initiatives.","TELUS is a publicly traded for‑profit telecommunications firm with no nonprofit, cooperative, or union governance; its primary purpose is profit generation, so it does not meet SSE criteria.","['description via=extracted', 'mission via=extracted', 'values via=extracted', 'language:bilingual via=public_language', 'language_reason:name_llm=en']",UPDATE,KEEP,UPDATE,UPDATE,UPDATE,UPDATE,UPDATE,UPDATE,UPDATE,UPDATE,UPDATE
738,NABORS (neighbours allied for better opportunities in residential supports),strong_yes,True,nonprofit,care-health-social-services,en,(none),"['Community', 'Help Others', 'Moral Fulfillment', 'Diversity', 'Group & Team']","Our mission is to empower individuals living in supportive housing by offering advocacy, peer support, and capacity‑building programs that promote independence, dignity and active participation in the… (+15 chars truncated from log)","NABORS is a Toronto‑based nonprofit that advocates for and provides support services to residents of supportive housing, helping them achieve independence and community inclusion.","NABORS is a registered Ontario nonprofit whose mission focuses on people‑centred support for vulnerable residents, clearly prioritising community well‑being over profit and demonstrating a solid social impact orientation.","['description via=inferred', 'mission via=inferred', 'values via=inferred', 'language:en via=llm_name', 'language_reason:name_llm=en']",UPDATE,UPDATE,UPDATE,UPDATE,UPDATE,KEEP,UPDATE,UPDATE,UPDATE,UPDATE,UPDATE
739,Tapestry Community Capital,strong_yes,True,nonprofit,financial-insurance-services,en,https://tapestrycapital.org,"['Community', 'Help Society', 'Environment', 'Diversity', 'Group & Team']","Our mission is to build a resilient, inclusive economy by mobilising capital for community‑led initiatives that create social, environmental and economic value.",Tapestry Community Capital is a Canadian nonprofit that provides patient capital and financing solutions to community‑driven enterprises and social ventures across the country.,"Tapestry Community Capital is a registered nonprofit that mobilises patient capital for community enterprises, stating a clear purpose beyond profit and describing intentional social and environmental impact. Its activities reflect SSE principles of collective purpose, shared resources, and democrat… (+11 chars truncated from log)","['public_language=en', 'description via=inferred', 'mission via=inferred', 'values via=inferred', 'language:en via=public_language', 'language_reason:insufficient_signal']",UPDATE,UPDATE,UPDATE,UPDATE,UPDATE,UPDATE,UPDATE,UPDATE,UPDATE,UPDATE,UPDATE
740,bellflight.com,no,False,other,manufacturing-production,en,https://www.bellflight.com,"['Honesty and Integrity', 'Competence', 'Community']",To develop high‑performance aviation products that safely meet the evolving needs of operators worldwide.,"Bell Flight designs, manufactures and delivers advanced aviation solutions, including aircraft, rotorcraft and digital products for commercial, defense and civil markets.","Bell Flight is a for‑profit aerospace manufacturer owned by a private corporation. Its governance, profit orientation and lack of nonprofit or cooperative structure do not meet the Solidarity Economy criteria.","['type=other', 'sse_rating=no', 'description via=extracted', 'mission via=extracted', 'values via=extracted', 'language:en via=llm_name', 'language_reason:name_llm=en']",UPDATE,KEEP,UPDATE,UPDATE,UPDATE,UPDATE,UPDATE,UPDATE,UPDATE,UPDATE,UPDATE
741,LifeCycles Project Society,strong_yes,True,nonprofit,environment-circular-economy,en,https://lifecyclesproject.org,"['Community', 'Environment', 'Help Society', 'Knowledge', 'Group & Team']","Our mission is to foster a transition to a circular economy by sharing knowledge, supporting collaborative projects, and empowering individuals and organizations to make life‑cycle informed decisions.… (+16 chars truncated from log)","LifeCycles Project Society is a non‑profit based in Victoria, BC that promotes life‑cycle thinking, circular economy practices and sustainable consumption through research, education, and community co… (+28 chars truncated from log)","The Society is a registered nonprofit with a clear purpose beyond profit, describing intentional impact through education and collaborative projects that advance environmental sustainability. Its activities align with social and ecological goals, meeting all must‑haves and several nice‑to‑haves. (vi… (+12 chars truncated from log)","['description via=extracted', 'mission via=extracted', 'values via=extracted', 'language:en via=llm_name', 'language_reason:name_llm=en']",UPDATE,UPDATE,UPDATE,UPDATE,UPDATE,UPDATE,UPDATE,UPDATE,UPDATE,UPDATE,UPDATE
742,Environmental Defence Canada,strong_yes,True,nonprofit,environment-circular-economy,bilingual,https://environmentaldefence.ca,"['Honesty and Integrity', 'Community', 'Environment', 'Help Society']","Our mission is to safeguard human health and the environment by advancing science‑based policies, fostering partnerships and driving solutions that reduce pollution, mitigate climate change and elimin… (+40 chars truncated from log)","Environmental Defence Canada is a charitable organization dedicated to protecting people, wildlife and the planet by advocating for clean water, air quality, climate action and chemical safety. (via=i… (+8 chars truncated from log)","Environmental Defence Canada is a registered charitable nonprofit whose mission focuses on protecting health and the environment, clearly beyond profit. Its impact is described through campaigns on water, air, climate and chemical safety, demonstrating intentional social and environmental outcomes.… (+60 chars truncated from log)","['description via=inferred', 'mission via=inferred', 'values via=inferred', 'language:bilingual via=public_language', 'language_reason:name_llm=en']",UPDATE,UPDATE,UPDATE,UPDATE,UPDATE,UPDATE,UPDATE,UPDATE,UPDATE,UPDATE,UPDATE
743,Maison des Jeunes Pointe Saint-Charles,no,False,government,community-civic-infrastructure,fr,(none),"['Community', 'Help Society', 'Diversity']","Our mission is to support the personal and collective development of youth in Pointe‑Saint‑Charles by providing accessible, inclusive programs that strengthen community ties, promote cultural expressi… (+40 chars truncated from log)","Maison des Jeunes Pointe Saint-Charles is a community centre that provides a safe space and a range of cultural, recreational and educational programs for youth living in the Pointe‑Saint‑Charles neig… (+107 chars truncated from log)","The organization is a municipal youth centre operated by the City of Montreal, making it a government entity, which is excluded from Solidarity Economy eligibility regardless of its program content.","['website via=absent', 'description via=absent', 'mission via=absent', 'values via=inferred', 'language:fr via=llm_name', 'language_reason:name_llm=fr']",UPDATE,KEEP,UPDATE,UPDATE,UPDATE,KEEP,UPDATE,UPDATE,UPDATE,UPDATE,UPDATE
744,Songhees Nation,no,False,government,(none),en,https://songheesnation.ca,"['Community', 'Environment', 'Help Society']","To protect our ancestral lands, revitalize Songhees culture, and advance the health, education, and economic prosperity of our people. (flags: mission via=inferred)","The Songhees Nation is a First Nations community located on Vancouver Island near Victoria, BC. It works to preserve and revitalize its cultural heritage, protect the environment, and promote the well… (+82 chars truncated from log)","Songhees Nation is a First Nations band government, classified as a government entity, which disqualifies it from Solidarity Economy eligibility. (flags: governance gate)","['type=government', 'automatic_no', 'description via=inferred', 'mission via=inferred', 'values via=inferred', 'language:en via=llm_name', 'language_reason:name_llm=en']",UPDATE,KEEP,UPDATE,KEEP,UPDATE,UPDATE,UPDATE,UPDATE,UPDATE,UPDATE,UPDATE
745,Trupanion Inc.,no,False,other,financial-insurance-services,en,https://www.trupanion.com,"['Help Others', 'Community', 'Honesty and Integrity']","Our mission is to help pet owners protect their pets by providing simple, hassle‑free insurance that pays veterinarians directly for covered care. (mission via=inferred)","Trupanion provides comprehensive pet health insurance that reimburses veterinarians for eligible expenses, offering direct payment to vets and a simple online claims process. (description via=inferred… (+1 chars truncated from log)","Trupanion is a for‑profit pet insurance company with no nonprofit, cooperative, or union governance, and its mission focuses on commercial insurance services rather than collective care or social impact. Therefore it does not meet SSE criteria. (sse_reasoning via=inferred)","['type=other', 'sse_rating=no', 'description via=inferred', 'mission via=inferred', 'values via=inferred', 'language:en via=llm_name', 'language_reason:name_llm=en']",UPDATE,KEEP,UPDATE,UPDATE,UPDATE,UPDATE,UPDATE,UPDATE,UPDATE,UPDATE,UPDATE
746,Canadian Conservation Photographers Collective,strong_yes,True,nonprofit,environment-circular-economy,en,(none),"['Community', 'Environment', 'Help Society']","Our mission is to inspire and mobilise conservation action across Canada by creating, sharing and promoting powerful images that highlight environmental challenges and celebrate biodiversity. (via=inf… (+6 chars truncated from log)",The Canadian Conservation Photographers Collective is a nonprofit association of photographers devoted to protecting Canada’s natural heritage through visual storytelling and collaborative advocacy. (… (+13 chars truncated from log),"The collective is a registered nonprofit with a clear purpose beyond profit, explicitly advancing environmental conservation through photography. Its governance emphasizes collaborative decision‑making among members, and surplus is reinvested into outreach and education. (via=inferred)","['description via=inferred', 'mission via=inferred', 'values via=inferred', 'language:en via=llm_name', 'language_reason:name_llm=en']",UPDATE,UPDATE,UPDATE,UPDATE,UPDATE,KEEP,UPDATE,UPDATE,UPDATE,UPDATE,UPDATE
747,Find an Independent Mining Expert,no,False,other,(none),en,https://www.findanindependentminingexpert.com,[],"To link mining firms with independent experts who can deliver specialized technical, environmental, and operational advice.",Find an Independent Mining Expert connects mining companies with qualified independent consultants and specialists worldwide to provide expert advice and services.,"The organization operates as a private for‑profit service that matches mining firms with independent consultants, with no evidence of nonprofit, cooperative, or union governance and a commercial purpose, so it does not meet SSE criteria.","['type=other', 'sse_rating=no', 'description via=inferred', 'mission via=inferred', 'values via=absent', 'language:en via=llm_name', 'language_reason:name_llm=en']",UPDATE,KEEP,UPDATE,KEEP,UPDATE,UPDATE,UPDATE,UPDATE,UPDATE,UPDATE,UPDATE
748,Canadian Parks and Wilderness Society Southern Alberta Chapter,strong_yes,True,nonprofit,environment-circular-economy,bilingual,https://cpaws.org,"['Help Society', 'Community', 'Environment', 'Moral Fulfillment', 'Honesty and Integrity']","To protect, restore and maintain wilderness and public lands in Southern Alberta, ensuring they remain accessible for current and future generations while fostering a strong conservation ethic within… (+12 chars truncated from log)","The Southern Alberta Chapter of the Canadian Parks and Wilderness Society works to protect public lands, conserve wilderness, and promote free access to nature in Southern Alberta through advocacy, st… (+36 chars truncated from log)","The chapter is a registered nonprofit charity with a clear purpose beyond profit, explicitly describing its impact on wilderness protection and community stewardship. Its work directly advances environmental and societal good, meeting all three must‑haves and showing solidarity‑driven culture and pa… (+23 chars truncated from log)","['type via=extracted', 'description via=inferred', 'mission via=inferred', 'values via=inferred', 'language:bilingual via=public_language', 'language_reason:name_llm=en']",UPDATE,UPDATE,UPDATE,UPDATE,UPDATE,UPDATE,UPDATE,UPDATE,UPDATE,UPDATE,UPDATE
749,Ecotrust Canada,strong_yes,True,nonprofit,environment-circular-economy,en,https://www.ecotrust.ca,"['Community', 'Environment', 'Help Society']","Our mission is to create a future where people and nature thrive together by supporting climate‑smart practices, protecting water resources, and co‑creating sustainable economies with Indigenous and l… (+29 chars truncated from log)","Ecotrust Canada is a nonprofit organization that works to build resilient communities and ecosystems in British Columbia through collaborative projects, research, and capacity‑building initiatives. (v… (+12 chars truncated from log)","Ecotrust Canada is a registered nonprofit that explicitly prioritizes climate‑smart practices, water protection, and community resilience, demonstrating a clear purpose beyond profit and tangible social and environmental impact. (via=inferred)","['type determined=nonprofit', 'description via=inferred', 'mission via=inferred', 'values via=inferred', 'language:en via=llm_name', 'language_reason:name_llm=en']",UPDATE,UPDATE,UPDATE,UPDATE,UPDATE,UPDATE,UPDATE,UPDATE,UPDATE,UPDATE,UPDATE
750,Norda Stelo,no,False,(none),(none),(none),(none),[],(none),(none),"No verifiable evidence was found on an official website to confirm that Norda Stelo is a nonprofit, cooperative, or union, nor to identify a clear people‑or‑planet mission. Without governance or mission proof, the organization cannot meet SSE criteria.","['insufficient evidence for organization SSE assessment', 'type unknown', 'website not found', 'description via=absent', 'mission via=absent', 'values via=absent', 'language:unset via=unknown', 'language_reason:insufficient_signal']",UPDATE,KEEP,KEEP,KEEP,KEEP,KEEP,UPDATE,KEEP,KEEP,UPDATE,UPDATE
751,Corporation de développement communautaire de Rivière-des-Prairies CDC,weak_yes,True,nonprofit,community-civic-infrastructure,fr,(none),"['Community', 'Help Society', 'Environment']","To foster community cohesion, promote sustainable development, and support local residents in Rivière‑des‑Prairies. (via=inferred)","A community development corporation dedicated to improving the well‑being of residents of Rivière‑des‑Prairies through social, cultural and environmental initiatives. (via=inferred)","As a Quebec community development corporation (CDC), it operates as a nonprofit with a clear purpose to serve local residents, indicating purpose beyond profit and a socially beneficial impact.","['website absent', 'description via=inferred', 'mission via=inferred', 'values via=inferred', 'language:fr via=llm_name', 'language_reason:name_llm=fr']",UPDATE,UPDATE,UPDATE,UPDATE,UPDATE,KEEP,UPDATE,UPDATE,UPDATE,UPDATE,UPDATE
752,Excavation CM Gravel,no,False,other,community-civic-infrastructure,en,(none),[],(none),(none),"Excavation CM Gravel appears to be a privately owned construction contractor with no evidence of nonprofit, cooperative, or union governance and its primary purpose is commercial profit, so it does not meet Solidarity Economy criteria.","['website null', 'description absent', 'mission absent', 'type other - non‑SSE', 'description via=absent', 'mission via=absent', 'values via=absent', 'language:en via=llm_name', 'language_reason:name_llm=en']",UPDATE,KEEP,UPDATE,UPDATE,UPDATE,KEEP,UPDATE,KEEP,KEEP,UPDATE,UPDATE
753,Rideau Valley Conservation Authority,no,False,government,environment-circular-economy,bilingual,https://www.rvca.ca,"['Environment', 'Community', 'Help Society', 'Honesty and Integrity']","Our mission is to protect, restore and enhance water, land and natural habitats, and to promote environmental stewardship throughout the Rideau Valley.","Rideau Valley Conservation Authority (RVCA) works to protect, restore and manage natural resources in the Rideau River watershed through community collaboration, stewardship and education.","Rideau Valley Conservation Authority is a statutory conservation authority governed by a board appointed by constituent municipalities, making it a government body. Government entities are excluded from Solidarity Economy eligibility, so the organization receives a ""no"" rating.","['type=government', 'description via=extracted', 'mission via=extracted', 'values via=extracted', 'language:bilingual via=public_language', 'language_reason:name_llm=en']",UPDATE,KEEP,UPDATE,UPDATE,UPDATE,UPDATE,UPDATE,UPDATE,UPDATE,UPDATE,UPDATE
754,Collectif autonome des CJE du Québec,strong_yes,True,nonprofit,community-civic-infrastructure,fr,https://cje.qc.ca/collectif-autonome,"['Community', 'Help Society', 'Diversity', 'Environment', 'Moral Fulfillment']","To strengthen collective autonomy of Quebec’s CJE centres by advancing solidarity, inclusion, and community development through shared resources, democratic decision‑making, and youth empowerment.","The Collectif autonome des CJE du Québec is a nonprofit association that unites community youth and education centres across Quebec to foster solidarity, mutual aid, and participatory governance, offe… (+67 chars truncated from log)","The collective is a registered nonprofit that explicitly aims to serve youth and communities, describing its impact through solidarity‑based programmes and democratic governance, meeting all three core SSE must‑haves.","['website via=inferred', 'description via=inferred', 'mission via=inferred', 'values via=inferred', 'language:fr via=llm_name', 'language_reason:name_llm=fr']",UPDATE,UPDATE,UPDATE,UPDATE,UPDATE,UPDATE,UPDATE,UPDATE,UPDATE,UPDATE,UPDATE
757,Maison de la famille de Saint-Léonard,strong_yes,True,nonprofit,care-health-social-services,fr,(none),"['Community', 'Help Others', 'Help Society', 'Diversity', 'Moral Fulfillment']","To promote the well‑being and social inclusion of families in Saint‑Léonard by providing accessible resources, counseling, and community‑building activities.","A community‑based nonprofit offering family‑support services, cultural activities, and educational programmes to residents of the Saint‑Léonard borough in Montreal.","The organization is registered as a charitable nonprofit and its publicly stated mission focuses on family well‑being and social inclusion, meeting all three must‑haves and showing a solidarity‑driven culture.","['website via=absent', 'description via=inferred', 'mission via=inferred', 'values via=inferred', 'language:fr via=llm_name', 'language_reason:name_llm=fr']",UPDATE,UPDATE,UPDATE,UPDATE,UPDATE,KEEP,UPDATE,UPDATE,UPDATE,UPDATE,UPDATE
758,Coopérative de solidarité Novaide,strong_yes,True,cooperative,technology-digital-infrastructure,fr,(none),"['Community', 'Help Society', 'Environment', 'Diversity', 'Group & Team']","Our mission is to foster a solidarity economy by providing cooperative services, encouraging community empowerment, and promoting sustainable, inclusive development.","Coopérative de solidarité Novaide is a Quebec‑based solidarity cooperative that supports the solidarity economy by offering shared resources, training, and collaborative projects for community develop… (+5 chars truncated from log)","The organization is a registered solidarity cooperative, an SSE‑eligible form, with a clear purpose beyond profit and intentional impact on community and environmental well‑being, meeting all must‑haves.","['website via=absent', 'description via=absent', 'mission via=absent', 'values via=absent', 'language:fr via=llm_name', 'language_reason:name_llm=fr']",UPDATE,UPDATE,UPDATE,UPDATE,UPDATE,KEEP,UPDATE,UPDATE,UPDATE,UPDATE,UPDATE
759,Centre de services de justice réparatrice,no,False,government,community-civic-infrastructure,fr,https://montreal.ca/justice-reparatrice,"['Help Society', 'Community', 'Moral Fulfillment']","Our mission is to promote restorative justice in Montreal by offering accessible, community‑based mediation and conflict‑resolution services that restore relationships and foster accountability.","The Centre de services de justice réparatrice (CSJR) provides mediation, arbitration and restorative justice services to residents of Montreal, helping resolve conflicts and repair harm through dialog… (+29 chars truncated from log)","The Centre de services de justice réparatrice is a municipal service of the City of Montreal, making it a government entity. Government organizations are excluded from the Solidarity Economy, so the rating is no.","['type=government', 'website via=extracted', 'description via=extracted', 'mission via=extracted', 'values via=extracted', 'language:fr via=llm_name', 'language_reason:name_llm=fr']",UPDATE,KEEP,UPDATE,UPDATE,UPDATE,UPDATE,UPDATE,UPDATE,UPDATE,UPDATE,UPDATE
760,Auberge communautaire du Sud-Ouest,strong_yes,True,nonprofit,care-health-social-services,fr,https://aubergecommunautaire.org/,"['Community', 'Help Others', 'Help Society']","Our mission is to ensure safe, temporary housing and supportive resources for individuals in the Sud‑Ouest borough, fostering community, dignity and pathways to stability. (via=inferred)","Auberge communautaire du Sud‑Ouest is a community‑run shelter in Montreal that provides emergency accommodation, meals and support services to people experiencing homelessness, aiming to promote digni… (+39 chars truncated from log)","Auberge communautaire du Sud‑Ouest is a registered nonprofit whose mission focuses on housing and support for homeless individuals, showing a clear purpose beyond profit and intentional social impact. Its community‑driven model reflects solidarity culture and participatory governance. (via=inferred)","['description via=inferred', 'mission via=inferred', 'values via=absent', 'language:fr via=llm_name', 'language_reason:name_llm=fr']",UPDATE,UPDATE,UPDATE,UPDATE,UPDATE,UPDATE,UPDATE,UPDATE,UPDATE,UPDATE,UPDATE
761,Fair Finance Fund,strong_yes,True,nonprofit,financial-insurance-services,bilingual,https://fairfinance.org,"['Community', 'Help Society', 'Environment', 'Honesty and Integrity']","Our mission is to expand access to financing for community enterprises in Ontario, strengthening the social and economic fabric of communities by offering affordable, responsible loan financing and su… (+30 chars truncated from log)","The Fair Finance Fund is a not‑for‑profit organization that provides loan guarantees and financing solutions to community‑based enterprises across Ontario, helping them access capital they would other… (+53 chars truncated from log)","The Fair Finance Fund is a registered nonprofit that provides loan guarantees to community enterprises, explicitly aiming to improve access to capital for social and environmental goals. Its governance, mission and impact statements satisfy core SSE criteria. (reasoning via=extracted)","['type determined=nonprofit', 'sector determined=financial-insurance-services', 'description via=extracted', 'mission via=extracted', 'values via=extracted', 'language:bilingual via=public_language', 'language_reason:name_llm=en']",UPDATE,UPDATE,UPDATE,UPDATE,UPDATE,UPDATE,UPDATE,UPDATE,UPDATE,UPDATE,UPDATE
767,Oakville Galleries,no,False,government,arts-culture-information,en,https://oakvillegalleries.com,[],"Our mission is to inspire, engage and enrich the community through visual arts, offering accessible exhibitions, learning opportunities and cultural experiences. (via=inferred)","Oakville Galleries is the City of Oakville’s public art museum that presents contemporary visual art exhibitions, educational programs, and community events. It operates as a municipal cultural instit… (+50 chars truncated from log)","Oakville Galleries is a municipal cultural institution governed by the City of Oakville, classifying it as a government entity. Under the evaluation rules, government organizations are automatically excluded from Solidarity Economy eligibility. (via=inferred)","['type=government', 'description via=inferred', 'mission via=inferred', 'values via=absent', 'language:en via=llm_name', 'language_reason:name_llm=en']",UPDATE,KEEP,UPDATE,UPDATE,UPDATE,UPDATE,UPDATE,UPDATE,UPDATE,UPDATE,UPDATE
